Frame, Time (ms)
    1,     0.000
    2,     9.264
    3,    18.294
    4,    27.759
    5,    38.983
    6,    50.501
    7,    60.218
    8,    72.081
    9,    81.524
   10,    92.852
   11,   103.351
   12,   113.425
   13,   125.361
   14,   138.585
   15,   148.149
   16,   157.220
   17,   168.188
   18,   179.071
   19,   190.291
   20,   203.498
   21,   213.247
   22,   222.956
   23,   233.713
   24,   243.618
   25,   254.945
   26,   268.923
   27,   276.143
   28,   287.860
   29,   299.100
   30,   309.997
   31,   320.769
   32,   331.779
   33,   344.900
   34,   354.051
   35,   365.279
   36,   375.522
   37,   386.677
   38,   397.632
   39,   410.367
   40,   420.053
   41,   429.544
   42,   442.287
   43,   452.812
   44,   462.987
   45,   476.283
   46,   485.945
   47,   496.473
   48,   507.967
   49,   526.933
   50,   536.077
   51,   543.647
   52,   553.502
   53,   563.798
   54,   575.159
   55,   586.195
   56,   596.753
   57,   609.039
   58,   619.495
   59,   630.662
   60,   642.429
   61,   653.191
   62,   664.577
   63,   678.965
   64,   687.978
   65,   698.771
   66,   709.298
   67,   721.574
   68,   733.692
   69,   743.423
   70,   754.821
   71,   766.554
   72,   777.525
   73,   789.541
   74,   804.001
   75,   811.917
   76,   823.990
   77,   835.383
   78,   845.911
   79,   858.490
   80,   870.849
   81,   880.847
   82,   892.831
   83,   905.658
   84,   915.761
   85,   926.975
   86,   940.949
   87,   950.511
   88,   961.589
   89,   973.551
   90,   985.851
   91,   997.119
   92,  1009.799
   93,  1020.509
   94,  1031.514
   95,  1043.824
   96,  1055.973
   97,  1068.381
   98,  1077.457
   99,  1090.236
  100,  1101.789
  101,  1113.222
  102,  1125.697
  103,  1138.048
  104,  1148.294
  105,  1159.264
  106,  1170.786
  107,  1182.023
  108,  1193.417
  109,  1209.284
  110,  1217.479
  111,  1228.097
  112,  1240.971
  113,  1251.539
  114,  1262.394
  115,  1275.700
  116,  1286.984
  117,  1297.252
  118,  1309.104
  119,  1320.842
  120,  1331.046
  121,  1345.992
  122,  1355.442
  123,  1367.531
  124,  1377.330
  125,  1389.527
  126,  1402.153
  127,  1412.126
  128,  1424.785
  129,  1435.935
  130,  1446.275
  131,  1458.647
  132,  1471.466
  133,  1481.643
  134,  1492.898
  135,  1504.262
  136,  1515.611
  137,  1526.523
  138,  1540.422
  139,  1549.872
  140,  1561.323
  141,  1574.197
  142,  1585.602
  143,  1595.391
  144,  1609.191
  145,  1618.547
  146,  1629.483
  147,  1641.354
  148,  1652.876
  149,  1663.676
  150,  1677.006
  151,  1687.821
  152,  1699.225
  153,  1710.434
  154,  1722.419
  155,  1736.499
  156,  1745.475
  157,  1757.483
  158,  1770.079
  159,  1780.552
  160,  1792.739
  161,  1805.753
  162,  1816.095
  163,  1827.460
  164,  1839.921
  165,  1851.835
  166,  1862.730
  167,  1876.567
  168,  1886.936
  169,  1898.260
  170,  1911.163
  171,  1923.099
  172,  1935.254
  173,  1946.029
  174,  1958.523
  175,  1970.416
  176,  1981.485
  177,  1994.906
  178,  2007.932
  179,  2017.091
  180,  2028.942
  181,  2041.586
  182,  2054.058
  183,  2064.469
  184,  2078.025
  185,  2089.088
  186,  2101.299
  187,  2112.583
  188,  2125.006
  189,  2138.383
  190,  2147.669
  191,  2160.968
  192,  2173.564
  193,  2185.240
  194,  2195.950
  195,  2210.918
  196,  2221.156
  197,  2233.601
  198,  2244.969
  199,  2257.417
  200,  2273.359
  201,  2281.254
  202,  2294.457
  203,  2306.618
  204,  2318.710
  205,  2330.012
  206,  2344.713
  207,  2356.812
  208,  2368.501
  209,  2381.165
  210,  2394.078
  211,  2407.664
  212,  2419.182
  213,  2430.626
  214,  2443.893
  215,  2456.796
  216,  2469.862
  217,  2480.384
  218,  2493.683
  219,  2506.981
  220,  2518.847
  221,  2531.196
  222,  2547.946
  223,  2574.053
  224,  2581.626
  225,  2591.165
  226,  2601.028
  227,  2607.943
  228,  2622.299
  229,  2632.360
  230,  2645.417
  231,  2658.748
  232,  2673.174
  233,  2684.041
  234,  2697.346
  235,  2709.326
  236,  2721.414
  237,  2735.189
  238,  2745.974
  239,  2759.992
  240,  2772.917
  241,  2786.492
  242,  2796.861
  243,  2813.179
  244,  2823.651
  245,  2835.605
  246,  2847.181
  247,  2861.965
  248,  2875.907
  249,  2886.282
  250,  2898.500
  251,  2912.225
  252,  2924.296
  253,  2938.462
  254,  2948.077
  255,  2961.190
  256,  2973.921
  257,  2987.115
  258,  2998.036
  259,  3012.673
  260,  3023.251
  261,  3035.607
  262,  3046.755
  263,  3060.986
  264,  3075.918
  265,  3085.308
  266,  3096.552
  267,  3109.458
  268,  3121.900
  269,  3134.906
  270,  3145.313
  271,  3159.170
  272,  3171.084
  273,  3182.211
  274,  3195.929
  275,  3209.212
  276,  3219.892
  277,  3230.756
  278,  3244.719
  279,  3256.938
  280,  3269.408
  281,  3280.685
  282,  3293.442
  283,  3306.142
  284,  3318.414
  285,  3329.273
  286,  3347.201
  287,  3356.627
  288,  3367.541
  289,  3379.543
  290,  3392.924
  291,  3406.557
  292,  3418.138
  293,  3429.539
  294,  3442.917
  295,  3455.878
  296,  3469.003
  297,  3479.440
  298,  3492.697
  299,  3505.904
  300,  3517.769
  301,  3529.598
  302,  3544.114
  303,  3561.634
  304,  3571.723
  305,  3581.120
  306,  3593.155
  307,  3607.496
  308,  3617.841
  309,  3629.517
  310,  3642.928
  311,  3655.050
  312,  3669.217
  313,  3679.268
  314,  3692.378
  315,  3705.223
  316,  3717.461
  317,  3728.898
  318,  3743.961
  319,  3755.643
  320,  3767.475
  321,  3779.223
  322,  3792.473
  323,  3806.028
  324,  3816.975
  325,  3829.282
  326,  3842.751
  327,  3854.825
  328,  3870.423
  329,  3879.880
  330,  3892.372
  331,  3907.984
  332,  3918.567
  333,  3929.240
  334,  3944.634
  335,  3955.318
  336,  3967.564
  337,  3979.582
  338,  3994.204
  339,  4007.115
  340,  4018.288
  341,  4029.819
  342,  4043.136
  343,  4055.313
  344,  4068.765
  345,  4080.509
  346,  4092.957
  347,  4106.317
  348,  4118.101
  349,  4129.709
  350,  4145.541
  351,  4155.602
  352,  4167.621
  353,  4179.219
  354,  4192.817
  355,  4206.707
  356,  4218.179
  357,  4230.115
  358,  4243.165
  359,  4255.997
  360,  4269.968
  361,  4279.321
  362,  4292.755
  363,  4306.209
  364,  4317.849
  365,  4328.670
  366,  4343.524
  367,  4354.947
  368,  4367.596
  369,  4378.817
  370,  4392.451
  371,  4409.493
  372,  4417.868
  373,  4429.605
  374,  4442.787
  375,  4454.904
  376,  4468.079
  377,  4479.422
  378,  4491.617
  379,  4505.045
  380,  4517.185
  381,  4528.736
  382,  4543.847
  383,  4554.097
  384,  4566.352
  385,  4578.821
  386,  4591.251
  387,  4605.626
  388,  4615.847
  389,  4628.203
  390,  4641.340
  391,  4653.784
  392,  4665.297
  393,  4680.519
  394,  4690.776
  395,  4704.126
  396,  4714.903
  397,  4728.020
  398,  4742.557
  399,  4753.723
  400,  4764.022
  401,  4778.295
  402,  4790.917
  403,  4803.315
  404,  4814.865
  405,  4827.444
  406,  4839.687
  407,  4852.130
  408,  4863.144
  409,  4877.817
  410,  4889.636
  411,  4901.027
  412,  4912.430
  413,  4925.916
  414,  4941.151
  415,  4950.950
  416,  4961.997
  417,  4975.724
  418,  4987.983
  419,  5001.526
  420,  5011.986
  421,  5025.392
  422,  5036.901
  423,  5049.259
  424,  5060.304
  425,  5075.962
  426,  5085.543
  427,  5097.036
  428,  5110.531
  429,  5124.100
  430,  5135.667
  431,  5146.271
  432,  5159.158
  433,  5171.665
  434,  5183.744
  435,  5195.010
  436,  5211.178
  437,  5220.867
  438,  5231.717
  439,  5245.242
  440,  5258.044
  441,  5271.443
  442,  5281.170
  443,  5295.053
  444,  5307.557
  445,  5319.893
  446,  5330.860
  447,  5346.080
  448,  5356.503
  449,  5368.385
  450,  5380.960
  451,  5394.400
  452,  5406.713
  453,  5418.214
  454,  5429.627
  455,  5442.956
  456,  5455.287
  457,  5471.327
  458,  5479.625
  459,  5493.457
  460,  5505.643
  461,  5516.916
  462,  5527.829
  463,  5542.714
  464,  5556.296
  465,  5567.980
  466,  5578.869
  467,  5595.101
  468,  5605.449
  469,  5614.934
  470,  5628.393
  471,  5641.050
  472,  5653.142
  473,  5663.920
  474,  5678.205
  475,  5689.502
  476,  5702.017
  477,  5713.242
  478,  5726.601
  479,  5740.196
  480,  5750.964
  481,  5762.089
  482,  5775.395
  483,  5787.518
  484,  5801.472
  485,  5811.249
  486,  5824.755
  487,  5837.363
  488,  5849.154
  489,  5861.235
  490,  5875.470
  491,  5886.392
  492,  5897.709
  493,  5911.366
  494,  5923.908
  495,  5936.884
  496,  5949.457
  497,  5961.567
  498,  5974.779
  499,  5987.663
  500,  6003.018
  501,  6012.407
  502,  6025.017
  503,  6037.803
  504,  6049.854
  505,  6061.943
  506,  6076.194
  507,  6087.297
  508,  6100.269
  509,  6113.196
  510,  6125.190
  511,  6139.448
  512,  6150.591
  513,  6163.183
  514,  6177.006
  515,  6189.889
  516,  6202.935
  517,  6214.503
  518,  6228.358
  519,  6241.740
  520,  6252.990
  521,  6265.111
  522,  6281.120
  523,  6292.119
  524,  6304.531
  525,  6317.627
  526,  6332.596
  527,  6344.101
  528,  6355.021
  529,  6367.171
  530,  6379.571
  531,  6392.918
  532,  6407.945
  533,  6418.501
  534,  6430.794
  535,  6444.794
  536,  6456.617
  537,  6469.666
  538,  6480.642
  539,  6493.889
  540,  6507.560
  541,  6520.350
  542,  6531.240
  543,  6548.349
  544,  6558.606
  545,  6570.748
  546,  6582.004
  547,  6596.460
  548,  6610.324
  549,  6621.818
  550,  6634.059
  551,  6645.865
  552,  6659.351
  553,  6673.659
  554,  6685.233
  555,  6696.361
  556,  6710.695
  557,  6723.408
  558,  6736.756
  559,  6747.557
  560,  6761.211
  561,  6774.087
  562,  6787.255
  563,  6799.381
  564,  6813.332
  565,  6824.747
  566,  6836.742
  567,  6849.639
  568,  6861.758
  569,  6875.717
  570,  6886.936
  571,  6899.575
  572,  6911.612
  573,  6925.495
  574,  6939.132
  575,  6950.613
  576,  6961.812
  577,  6974.731
  578,  6987.795
  579,  6999.192
  580,  7013.461
  581,  7025.297
  582,  7037.325
  583,  7049.446
  584,  7061.691
  585,  7077.842
  586,  7087.709
  587,  7099.778
  588,  7111.008
  589,  7124.779
  590,  7137.628
  591,  7147.646
  592,  7161.101
  593,  7173.714
  594,  7185.974
  595,  7197.142
  596,  7213.280
  597,  7223.921
  598,  7236.112
  599,  7246.854
  600,  7260.636
  601,  7274.651
  602,  7286.971
  603,  7297.642
  604,  7311.566
  605,  7324.302
  606,  7337.532
  607,  7347.830
  608,  7361.251
  609,  7373.614
  610,  7387.091
  611,  7397.767
  612,  7411.799
  613,  7424.014
  614,  7435.892
  615,  7447.191
  616,  7461.637
  617,  7475.472
  618,  7486.525
  619,  7498.199
  620,  7511.953
  621,  7524.351
  622,  7537.150
  623,  7550.936
  624,  7561.532
  625,  7576.979
  626,  7589.167
  627,  7604.824
  628,  7613.924
  629,  7625.827
  630,  7638.497
  631,  7650.627
  632,  7662.080
  633,  7676.750
  634,  7689.298
  635,  7700.927
  636,  7713.082
  637,  7724.219
  638,  7735.188
  639,  7742.234
  640,  7752.826
  641,  7762.177
  642,  7772.196
  643,  7781.062
  644,  7790.956
  645,  7801.299
  646,  7808.954
  647,  7819.064
  648,  7827.982
  649,  7838.645
  650,  7846.871
  651,  7857.021
  652,  7868.547
  653,  7875.536
  654,  7884.580
  655,  7893.590
  656,  7904.878
  657,  7912.307
  658,  7922.296
  659,  7930.968
  660,  7942.609
  661,  7950.593
  662,  7959.024
  663,  7969.053
  664,  7977.672
  665,  7987.853
  666,  7997.305
  667,  8008.764
  668,  8016.697
  669,  8024.992
  670,  8034.650
  671,  8042.842
  672,  8052.946
  673,  8062.388
  674,  8073.213
  675,  8080.205
  676,  8090.689
  677,  8100.556
  678,  8108.299
  679,  8118.518
  680,  8127.518
  681,  8140.382
  682,  8147.120
  683,  8155.873
  684,  8164.847
  685,  8174.727
  686,  8184.452
  687,  8193.323
  688,  8203.897
  689,  8212.060
  690,  8222.349
  691,  8230.424
  692,  8240.396
  693,  8249.148
  694,  8259.509
  695,  8270.402
  696,  8277.715
  697,  8287.890
  698,  8297.411
  699,  8306.858
  700,  8315.211
  701,  8325.580
  702,  8335.834
  703,  8343.578
  704,  8353.379
  705,  8362.566
  706,  8372.565
  707,  8381.185
  708,  8391.062
  709,  8403.004
  710,  8410.184
  711,  8419.640
  712,  8428.240
  713,  8437.953
  714,  8447.403
  715,  8457.034
  716,  8467.641
  717,  8474.838
  718,  8484.836
  719,  8493.690
  720,  8504.348
  721,  8512.462
  722,  8522.410
  723,  8531.036
  724,  8543.641
  725,  8551.914
  726,  8560.113
  727,  8569.367
  728,  8577.474
  729,  8587.913
  730,  8596.460
  731,  8607.241
  732,  8615.494
  733,  8625.816
  734,  8634.443
  735,  8642.256
  736,  8652.443
  737,  8663.108
  738,  8674.192
  739,  8681.017
  740,  8689.709
  741,  8699.207
  742,  8707.439
  743,  8717.777
  744,  8726.274
  745,  8737.040
  746,  8744.336
  747,  8755.821
  748,  8767.356
  749,  8775.784
  750,  8783.929
  751,  8792.243
  752,  8802.680
  753,  8809.883
  754,  8820.130
  755,  8829.147
  756,  8839.036
  757,  8848.795
  758,  8858.111
  759,  8868.279
  760,  8875.643
  761,  8886.101
  762,  8894.983
  763,  8905.291
  764,  8913.987
  765,  8923.960
  766,  8931.855
  767,  8945.021
  768,  8953.388
  769,  8961.005
  770,  8970.318
  771,  8978.450
  772,  8989.745
  773,  8999.040
  774,  9009.307
  775,  9017.294
  776,  9026.273
  777,  9036.580
  778,  9045.118
  779,  9055.397
  780,  9063.911
  781,  9075.450
  782,  9083.815
  783,  9093.414
  784,  9102.177
  785,  9110.865
  786,  9121.068
  787,  9130.009
  788,  9141.303
  789,  9149.614
  790,  9158.140
  791,  9169.145
  792,  9178.333
  793,  9186.706
  794,  9195.800
  795,  9209.946
  796,  9218.020
  797,  9225.456
  798,  9234.538
  799,  9242.306
  800,  9252.634
  801,  9261.740
  802,  9272.164
  803,  9279.667
  804,  9290.228
  805,  9299.678
  806,  9308.331
  807,  9318.155
  808,  9327.061
  809,  9338.760
  810,  9346.214
  811,  9355.853
  812,  9364.663
  813,  9375.002
  814,  9384.231
  815,  9393.003
  816,  9403.874
  817,  9411.613
  818,  9421.973
  819,  9431.033
  820,  9441.869
  821,  9451.380
  822,  9459.642
  823,  9471.061
  824,  9478.323
  825,  9488.392
  826,  9497.530
  827,  9507.743
  828,  9516.403
  829,  9525.805
  830,  9536.418
  831,  9544.193
  832,  9555.926
  833,  9563.493
  834,  9575.844
  835,  9586.481
  836,  9594.569
  837,  9604.854
  838,  9612.438
  839,  9621.908
  840,  9630.187
  841,  9641.558
  842,  9650.256
  843,  9658.251
  844,  9668.671
  845,  9677.212
  846,  9686.876
  847,  9696.342
  848,  9706.857
  849,  9714.273
  850,  9724.665
  851,  9737.440
  852,  9744.959
  853,  9753.589
  854,  9762.422
  855,  9771.936
  856,  9780.555
  857,  9791.749
  858,  9802.098
  859,  9810.446
  860,  9819.223
  861,  9828.578
  862,  9837.414
  863,  9846.335
  864,  9856.737
  865,  9867.602
  866,  9874.433
  867,  9884.895
  868,  9894.664
  869,  9903.934
  870,  9912.122
  871,  9922.589
  872,  9930.886
  873,  9942.125
  874,  9950.979
  875,  9959.947
  876,  9971.061
  877,  9982.227
  878,  9991.397
  879, 10002.281
  880, 10009.035
  881, 10016.438
  882, 10024.083
  883, 10034.068
  884, 10042.529
  885, 10053.115
  886, 10061.400
  887, 10072.674
  888, 10079.615
  889, 10090.181
  890, 10099.224
  891, 10108.331
  892, 10118.395
  893, 10127.377
  894, 10139.165
  895, 10146.427
  896, 10155.923
  897, 10164.387
  898, 10174.524
  899, 10183.745
  900, 10192.810
  901, 10204.036
  902, 10212.782
  903, 10221.775
  904, 10230.785
  905, 10240.530
  906, 10250.444
  907, 10258.776
  908, 10271.532
  909, 10278.235
  910, 10287.310
  911, 10296.505
  912, 10307.307
  913, 10316.672
  914, 10325.150
  915, 10336.608
  916, 10344.330
  917, 10355.205
  918, 10363.942
  919, 10374.243
  920, 10383.350
  921, 10392.758
  922, 10403.737
  923, 10411.173
  924, 10421.793
  925, 10430.566
  926, 10442.061
  927, 10450.647
  928, 10460.154
  929, 10470.455
  930, 10478.124
  931, 10489.279
  932, 10497.917
  933, 10508.085
  934, 10518.099
  935, 10527.392
  936, 10539.887
  937, 10548.120
  938, 10558.382
  939, 10568.000
  940, 10576.660
  941, 10587.062
  942, 10596.617
  943, 10608.111
  944, 10616.969
  945, 10626.702
  946, 10637.156
  947, 10647.613
  948, 10657.144
  949, 10669.273
  950, 10676.404
  951, 10687.542
  952, 10697.240
  953, 10708.234
  954, 10718.048
  955, 10728.108
  956, 10740.529
  957, 10749.430
  958, 10758.604
  959, 10769.900
  960, 10779.280
  961, 10790.609
  962, 10803.591
  963, 10810.864
  964, 10820.615
  965, 10831.541
  966, 10841.730
  967, 10851.822
  968, 10861.605
  969, 10873.069
  970, 10881.621
  971, 10893.815
  972, 10903.301
  973, 10913.137
  974, 10923.600
  975, 10935.593
  976, 10943.525
  977, 10954.661
  978, 10964.087
  979, 10974.747
  980, 10985.975
  981, 10995.871
  982, 11006.482
  983, 11015.772
  984, 11025.504
  985, 11037.849
  986, 11047.378
  987, 11057.887
  988, 11070.202
  989, 11077.521
  990, 11088.705
  991, 11099.476
  992, 11109.013
  993, 11119.918
  994, 11130.607
  995, 11142.070
  996, 11151.824
  997, 11161.511
  998, 11172.564
  999, 11181.839
 1000, 11194.594
 1001, 11206.779
 1002, 11214.986
 1003, 11224.653
 1004, 11235.058
 1005, 11244.747
 1006, 11255.179
 1007, 11266.605
 1008, 11275.321
 1009, 11286.332
 1010, 11295.824
 1011, 11307.019
 1012, 11317.565
 1013, 11325.886
 1014, 11339.450
 1015, 11346.395
 1016, 11357.992
 1017, 11368.225
 1018, 11377.548
 1019, 11389.238
 1020, 11397.876
 1021, 11410.336
 1022, 11419.079
 1023, 11429.416
 1024, 11440.229
 1025, 11449.850
 1026, 11458.622
 1027, 11471.359
 1028, 11479.030
 1029, 11489.643
 1030, 11499.509
 1031, 11509.741
 1032, 11519.862
 1033, 11529.523
 1034, 11540.611
 1035, 11550.551
 1036, 11558.855
 1037, 11571.087
 1038, 11580.405
 1039, 11590.353
 1040, 11601.896
 1041, 11608.967
 1042, 11620.435
 1043, 11628.821
 1044, 11639.094
 1045, 11649.537
 1046, 11663.223
 1047, 11672.726
 1048, 11680.427
 1049, 11689.384
 1050, 11698.249
 1051, 11708.512
 1052, 11717.926
 1053, 11727.588
 1054, 11741.106
 1055, 11749.583
 1056, 11757.392
 1057, 11768.306
 1058, 11776.882
 1059, 11787.150
 1060, 11796.661
 1061, 11807.761
 1062, 11816.563
 1063, 11825.681
 1064, 11835.554
 1065, 11844.492
 1066, 11855.151
 1067, 11864.197
 1068, 11877.993
 1069, 11885.524
 1070, 11892.537
 1071, 11903.856
 1072, 11911.485
 1073, 11922.394
 1074, 11930.404
 1075, 11941.621
 1076, 11949.580
 1077, 11958.561
 1078, 11968.369
 1079, 11976.653
 1080, 11986.653
 1081, 11996.168
 1082, 12006.803
 1083, 12013.850
 1084, 12023.665
 1085, 12032.499
 1086, 12041.352
 1087, 12051.521
 1088, 12059.613
 1089, 12070.064
 1090, 12077.242
 1091, 12086.998
 1092, 12095.548
 1093, 12105.800
 1094, 12114.626
 1095, 12124.887
 1096, 12135.444
 1097, 12143.598
 1098, 12152.686
 1099, 12160.118
 1100, 12169.683
 1101, 12177.647
 1102, 12187.819
 1103, 12195.959
 1104, 12206.609
 1105, 12214.219
 1106, 12223.604
 1107, 12231.196
 1108, 12240.892
 1109, 12250.409
 1110, 12258.798
 1111, 12269.493
 1112, 12276.454
 1113, 12285.917
 1114, 12294.256
 1115, 12303.600
 1116, 12311.171
 1117, 12321.031
 1118, 12329.196
 1119, 12339.294
 1120, 12347.855
 1121, 12357.189
 1122, 12364.858
 1123, 12373.731
 1124, 12383.046
 1125, 12393.207
 1126, 12411.331
 1127, 12421.833
 1128, 12428.962
 1129, 12437.530
 1130, 12445.068
 1131, 12453.911
 1132, 12461.702
 1133, 12471.589
 1134, 12479.574
 1135, 12488.120
 1136, 12496.807
 1137, 12507.200
 1138, 12515.202
 1139, 12523.721
 1140, 12530.862
 1141, 12541.050
 1142, 12549.463
 1143, 12557.583
 1144, 12566.213
 1145, 12574.344
 1146, 12582.190
 1147, 12590.447
 1148, 12597.606
 1149, 12607.034
 1150, 12614.975
 1151, 12624.407
 1152, 12631.973
 1153, 12640.004
 1154, 12647.186
 1155, 12655.474
 1156, 12663.065
 1157, 12674.265
 1158, 12682.302
 1159, 12691.347
 1160, 12700.487
 1161, 12708.340
 1162, 12717.908
 1163, 12725.789
 1164, 12734.979
 1165, 12742.107
 1166, 12750.373
 1167, 12757.794
 1168, 12764.775
 1169, 12772.845
 1170, 12780.123
 1171, 12788.294
 1172, 12795.427
 1173, 12805.374
 1174, 12813.744
 1175, 12822.571
 1176, 12830.359
 1177, 12838.432
 1178, 12845.588
 1179, 12854.358
 1180, 12861.927
 1181, 12871.187
 1182, 12878.568
 1183, 12888.578
 1184, 12895.943
 1185, 12904.576
 1186, 12911.579
 1187, 12919.678
 1188, 12927.201
 1189, 12939.451
 1190, 12947.623
 1191, 12956.368
 1192, 12964.423
 1193, 12973.042
 1194, 12981.069
 1195, 12990.368
 1196, 12997.892
 1197, 13007.104
 1198, 13014.472
 1199, 13022.525
 1200, 13030.856
 1201, 13039.121
 1202, 13046.376
 1203, 13055.097
 1204, 13062.346
 1205, 13072.566
 1206, 13079.901
 1207, 13088.159
 1208, 13096.108
 1209, 13105.338
 1210, 13112.288
 1211, 13120.598
 1212, 13128.452
 1213, 13138.101
 1214, 13145.177
 1215, 13153.174
 1216, 13160.485
 1217, 13168.678
 1218, 13176.284
 1219, 13185.689
 1220, 13193.138
 1221, 13204.428
 1222, 13212.040
 1223, 13220.381
 1224, 13227.401
 1225, 13236.625
 1226, 13244.196
 1227, 13252.718
 1228, 13259.998
 1229, 13270.238
 1230, 13277.189
 1231, 13286.103
 1232, 13293.819
 1233, 13303.435
 1234, 13310.887
 1235, 13319.913
 1236, 13328.195
 1237, 13338.772
 1238, 13346.028
 1239, 13354.482
 1240, 13361.798
 1241, 13370.815
 1242, 13378.361
 1243, 13388.222
 1244, 13396.368
 1245, 13409.006
 1246, 13421.323
 1247, 13429.901
 1248, 13439.222
 1249, 13448.610
 1250, 13457.267
 1251, 13464.424
 1252, 13474.467
 1253, 13484.599
 1254, 13493.082
 1255, 13504.256
 1256, 13512.411
 1257, 13520.815
 1258, 13530.005
 1259, 13544.361
 1260, 13553.592
 1261, 13562.139
 1262, 13571.019
 1263, 13579.399
 1264, 13594.020
 1265, 13604.905
 1266, 13612.539
 1267, 13621.746
 1268, 13632.408
 1269, 13643.817
 1270, 13653.311
 1271, 13662.325
 1272, 13673.612
 1273, 13681.285
 1274, 13695.478
 1275, 13705.400
 1276, 13713.134
 1277, 13723.441
 1278, 13735.418
 1279, 13746.328
 1280, 13757.306
 1281, 13766.301
 1282, 13775.905
 1283, 13785.830
 1284, 13800.991
 1285, 13808.541
 1286, 13818.451
 1287, 13827.735
 1288, 13842.567
 1289, 13851.335
 1290, 13860.177
 1291, 13872.438
 1292, 13879.778
 1293, 13893.568
 1294, 13904.690
 1295, 13912.299
 1296, 13922.432
 1297, 13931.772
 1298, 13946.866
 1299, 13956.468
 1300, 13964.758
 1301, 13975.300
 1302, 13985.178
 1303, 13998.208
 1304, 14012.004
 1305, 14020.312
 1306, 14027.777
 1307, 14041.092
 1308, 14050.616
 1309, 14060.375
 1310, 14071.206
 1311, 14079.501
 1312, 14093.361
 1313, 14105.103
 1314, 14116.455
 1315, 14125.736
 1316, 14137.267
 1317, 14149.503
 1318, 14160.168
 1319, 14173.457
 1320, 14186.502
 1321, 14201.433
 1322, 14213.172
 1323, 14224.191
 1324, 14238.520
 1325, 14253.696
 1326, 14263.718
 1327, 14277.617
 1328, 14287.442
 1329, 14303.873
 1330, 14315.446
 1331, 14327.438
 1332, 14340.208
 1333, 14356.573
 1334, 14368.236
 1335, 14380.071
 1336, 14391.894
 1337, 14409.610
 1338, 14420.780
 1339, 14431.510
 1340, 14444.862
 1341, 14460.733
 1342, 14473.783
 1343, 14482.978
 1344, 14495.899
 1345, 14510.832
 1346, 14522.741
 1347, 14537.537
 1348, 14548.786
 1349, 14564.111
 1350, 14576.621
 1351, 14587.357
 1352, 14604.494
 1353, 14615.786
 1354, 14628.839
 1355, 14640.661
 1356, 14655.815
 1357, 14669.510
 1358, 14680.336
 1359, 14692.740
 1360, 14710.584
 1361, 14721.860
 1362, 14733.111
 1363, 14744.682
 1364, 14761.226
 1365, 14773.171
 1366, 14785.539
 1367, 14799.093
 1368, 14815.310
 1369, 14827.699
 1370, 14840.701
 1371, 14855.013
 1372, 14868.497
 1373, 14878.515
 1374, 14890.778
 1375, 14908.360
 1376, 14919.852
 1377, 14932.229
 1378, 14945.953
 1379, 14962.333
 1380, 14973.648
 1381, 14985.709
 1382, 14999.863
 1383, 15015.054
 1384, 15025.632
 1385, 15038.778
 1386, 15053.881
 1387, 15068.987
 1388, 15078.561
 1389, 15092.086
 1390, 15108.310
 1391, 15118.790
 1392, 15131.211
 1393, 15146.134
 1394, 15160.540
 1395, 15173.229
 1396, 15184.902
 1397, 15197.062
 1398, 15215.646
 1399, 15225.997
 1400, 15237.586
 1401, 15254.032
 1402, 15267.093
 1403, 15278.230
 1404, 15290.223
 1405, 15306.961
 1406, 15319.095
 1407, 15331.150
 1408, 15346.932
 1409, 15359.918
 1410, 15373.120
 1411, 15385.426
 1412, 15397.817
 1413, 15414.485
 1414, 15425.882
 1415, 15437.306
 1416, 15454.979
 1417, 15467.135
 1418, 15478.496
 1419, 15491.545
 1420, 15507.583
 1421, 15519.851
 1422, 15530.819
 1423, 15547.144
 1424, 15561.883
 1425, 15574.490
 1426, 15587.611
 1427, 15599.154
 1428, 15616.128
 1429, 15628.590
 1430, 15646.875
 1431, 15657.346
 1432, 15669.201
 1433, 15681.382
 1434, 15693.171
 1435, 15710.570
 1436, 15723.815
 1437, 15736.020
 1438, 15747.253
 1439, 15764.819
 1440, 15777.443
 1441, 15792.070
 1442, 15808.258
 1443, 15818.710
 1444, 15832.782
 1445, 15845.805
 1446, 15860.987
 1447, 15877.480
 1448, 15887.645
 1449, 15901.813
 1450, 15916.389
 1451, 15929.493
 1452, 15944.446
 1453, 15960.312
 1454, 15973.266
 1455, 15984.377
 1456, 15997.783
 1457, 16016.025
 1458, 16028.576
 1459, 16040.829
 1460, 16057.590
 1461, 16070.558
 1462, 16084.068
 1463, 16095.665
 1464, 16113.619
 1465, 16126.298
 1466, 16143.581
 1467, 16155.517
 1468, 16168.675
 1469, 16181.355
 1470, 16194.526
 1471, 16214.176
 1472, 16225.788
 1473, 16237.126
 1474, 16250.743
 1475, 16269.563
 1476, 16282.015
 1477, 16294.568
 1478, 16310.631
 1479, 16325.132
 1480, 16339.637
 1481, 16352.648
 1482, 16368.621
 1483, 16380.903
 1484, 16393.949
 1485, 16413.667
 1486, 16425.205
 1487, 16439.119
 1488, 16451.224
 1489, 16469.312
 1490, 16480.422
 1491, 16493.950
 1492, 16513.054
 1493, 16525.241
 1494, 16541.771
 1495, 16551.395
 1496, 16570.688
 1497, 16582.914
 1498, 16596.963
 1499, 16615.114
 1500, 16626.955
 1501, 16640.576
 1502, 16657.901
 1503, 16673.904
 1504, 16685.507
 1505, 16699.693
 1506, 16716.526
 1507, 16731.329
 1508, 16743.749
 1509, 16760.671
 1510, 16775.294
 1511, 16789.161
 1512, 16804.013
 1513, 16820.559
 1514, 16832.981
 1515, 16846.919
 1516, 16866.648
 1517, 16879.203
 1518, 16893.107
 1519, 16912.148
 1520, 16926.731
 1521, 16942.893
 1522, 16953.135
 1523, 16971.221
 1524, 16987.456
 1525, 17000.284
 1526, 17017.840
 1527, 17032.663
 1528, 17046.399
 1529, 17064.800
 1530, 17079.229
 1531, 17092.403
 1532, 17111.660
 1533, 17124.640
 1534, 17139.470
 1535, 17152.712
 1536, 17172.380
 1537, 17186.297
 1538, 17203.714
 1539, 17219.256
 1540, 17233.603
 1541, 17247.248
 1542, 17269.044
 1543, 17281.563
 1544, 17294.913
 1545, 17314.526
 1546, 17328.830
 1547, 17344.387
 1548, 17359.060
 1549, 17375.248
 1550, 17389.638
 1551, 17405.146
 1552, 17423.848
 1553, 17436.538
 1554, 17452.926
 1555, 17472.175
 1556, 17483.968
 1557, 17497.766
 1558, 17518.821
 1559, 17533.758
 1560, 17548.077
 1561, 17567.543
 1562, 17582.298
 1563, 17595.722
 1564, 17614.962
 1565, 17628.660
 1566, 17643.812
 1567, 17657.520
 1568, 17677.197
 1569, 17692.014
 1570, 17705.347
 1571, 17724.074
 1572, 17743.991
 1573, 17754.118
 1574, 17772.701
 1575, 17787.494
 1576, 17803.153
 1577, 17822.225
 1578, 17836.950
 1579, 17852.829
 1580, 17871.595
 1581, 17886.492
 1582, 17901.070
 1583, 17920.353
 1584, 17934.943
 1585, 17949.850
 1586, 17967.774
 1587, 17982.685
 1588, 17998.866
 1589, 18018.706
 1590, 18031.007
 1591, 18048.110
 1592, 18066.261
 1593, 18080.863
 1594, 18095.065
 1595, 18113.247
 1596, 18128.275
 1597, 18144.055
 1598, 18157.613
 1599, 18177.283
 1600, 18191.739
 1601, 18208.496
 1602, 18224.421
 1603, 18240.414
 1604, 18255.924
 1605, 18276.334
 1606, 18288.365
 1607, 18305.317
 1608, 18323.187
 1609, 18338.259
 1610, 18351.608
 1611, 18370.540
 1612, 18385.652
 1613, 18402.467
 1614, 18418.704
 1615, 18434.382
 1616, 18448.684
 1617, 18469.198
 1618, 18484.248
 1619, 18498.210
 1620, 18516.547
 1621, 18529.586
 1622, 18547.235
 1623, 18563.688
 1624, 18579.288
 1625, 18594.083
 1626, 18608.275
 1627, 18627.675
 1628, 18641.480
 1629, 18656.619
 1630, 18675.475
 1631, 18689.401
 1632, 18705.098
 1633, 18723.445
 1634, 18739.568
 1635, 18755.382
 1636, 18771.182
 1637, 18788.169
 1638, 18804.342
 1639, 18820.162
 1640, 18834.493
 1641, 18848.431
 1642, 18868.592
 1643, 18882.630
 1644, 18896.978
 1645, 18916.765
 1646, 18930.206
 1647, 18947.130
 1648, 18964.452
 1649, 18979.752
 1650, 18997.155
 1651, 19014.786
 1652, 19030.184
 1653, 19043.681
 1654, 19058.864
 1655, 19080.388
 1656, 19093.687
 1657, 19109.477
 1658, 19127.173
 1659, 19143.389
 1660, 19158.437
 1661, 19177.460
 1662, 19192.842
 1663, 19210.959
 1664, 19227.210
 1665, 19243.106
 1666, 19259.007
 1667, 19277.144
 1668, 19292.282
 1669, 19307.275
 1670, 19325.738
 1671, 19344.289
 1672, 19357.175
 1673, 19376.048
 1674, 19391.508
 1675, 19408.167
 1676, 19426.413
 1677, 19441.090
 1678, 19457.042
 1679, 19476.163
 1680, 19491.032
 1681, 19507.262
 1682, 19525.546
 1683, 19541.100
 1684, 19556.451
 1685, 19576.426
 1686, 19591.429
 1687, 19609.474
 1688, 19626.016
 1689, 19641.365
 1690, 19656.897
 1691, 19676.910
 1692, 19693.409
 1693, 19708.812
 1694, 19726.842
 1695, 19743.996
 1696, 19758.506
 1697, 19773.110
 1698, 19781.165
 1699, 19791.773
 1700, 19805.645
 1701, 19814.185
 1702, 19824.391
 1703, 19833.986
 1704, 19846.993
 1705, 19857.087
 1706, 19869.432
 1707, 19877.263
 1708, 19887.931
 1709, 19897.505
 1710, 19906.674
 1711, 19916.114
 1712, 19924.724
 1713, 19939.446
 1714, 19949.105
 1715, 19956.629
 1716, 19967.559
 1717, 19975.865
 1718, 19990.152
 1719, 20002.562
 1720, 20010.888
 1721, 20019.834
 1722, 20027.873
 1723, 20041.980
 1724, 20051.808
 1725, 20059.752
 1726, 20070.019
 1727, 20077.683
 1728, 20091.826
 1729, 20101.352
 1730, 20110.135
 1731, 20120.423
 1732, 20129.864
 1733, 20145.065
 1734, 20153.623
 1735, 20160.924
 1736, 20171.200
 1737, 20179.484
 1738, 20193.848
 1739, 20205.968
 1740, 20213.932
 1741, 20221.941
 1742, 20230.222
 1743, 20245.093
 1744, 20253.711
 1745, 20262.959
 1746, 20273.706
 1747, 20282.178
 1748, 20295.491
 1749, 20305.618
 1750, 20314.149
 1751, 20323.837
 1752, 20338.332
 1753, 20346.630
 1754, 20356.273
 1755, 20367.201
 1756, 20375.544
 1757, 20390.284
 1758, 20404.010
 1759, 20411.681
 1760, 20419.544
 1761, 20427.484
 1762, 20442.769
 1763, 20452.097
 1764, 20460.827
 1765, 20472.570
 1766, 20481.009
 1767, 20494.611
 1768, 20504.364
 1769, 20513.428
 1770, 20524.742
 1771, 20535.765
 1772, 20548.318
 1773, 20557.380
 1774, 20567.819
 1775, 20576.290
 1776, 20591.370
 1777, 20601.286
 1778, 20609.757
 1779, 20620.052
 1780, 20628.873
 1781, 20644.217
 1782, 20653.672
 1783, 20663.058
 1784, 20675.517
 1785, 20684.077
 1786, 20696.542
 1787, 20706.320
 1788, 20716.319
 1789, 20725.741
 1790, 20740.725
 1791, 20749.781
 1792, 20758.845
 1793, 20769.243
 1794, 20779.715
 1795, 20794.590
 1796, 20806.225
 1797, 20815.056
 1798, 20823.362
 1799, 20833.066
 1800, 20846.515
 1801, 20858.897
 1802, 20869.347
 1803, 20877.599
 1804, 20890.734
 1805, 20902.402
 1806, 20910.214
 1807, 20920.062
 1808, 20929.117
 1809, 20946.312
 1810, 20954.806
 1811, 20963.383
 1812, 20973.706
 1813, 20983.572
 1814, 20997.039
 1815, 21008.480
 1816, 21017.190
 1817, 21025.766
 1818, 21040.929
 1819, 21051.145
 1820, 21060.427
 1821, 21072.779
 1822, 21080.223
 1823, 21094.414
 1824, 21104.889
 1825, 21113.570
 1826, 21126.755
 1827, 21136.093
 1828, 21147.532
 1829, 21157.060
 1830, 21168.001
 1831, 21177.123
 1832, 21192.142
 1833, 21204.533
 1834, 21211.975
 1835, 21222.291
 1836, 21231.732
 1837, 21246.321
 1838, 21255.479
 1839, 21266.621
 1840, 21275.825
 1841, 21290.411
 1842, 21301.288
 1843, 21310.720
 1844, 21320.027
 1845, 21329.204
 1846, 21345.969
 1847, 21354.010
 1848, 21363.983
 1849, 21373.836
 1850, 21384.230
 1851, 21399.331
 1852, 21408.645
 1853, 21417.631
 1854, 21428.200
 1855, 21442.833
 1856, 21454.406
 1857, 21461.980
 1858, 21475.323
 1859, 21483.562
 1860, 21495.593
 1861, 21506.345
 1862, 21515.840
 1863, 21525.917
 1864, 21541.239
 1865, 21549.647
 1866, 21559.929
 1867, 21572.494
 1868, 21582.758
 1869, 21595.274
 1870, 21606.138
 1871, 21614.320
 1872, 21624.521
 1873, 21634.188
 1874, 21648.368
 1875, 21657.305
 1876, 21668.269
 1877, 21677.441
 1878, 21693.018
 1879, 21702.388
 1880, 21710.940
 1881, 21721.899
 1882, 21731.009
 1883, 21747.694
 1884, 21755.479
 1885, 21765.805
 1886, 21775.096
 1887, 21789.359
 1888, 21801.426
 1889, 21808.987
 1890, 21819.478
 1891, 21828.486
 1892, 21843.932
 1893, 21853.595
 1894, 21863.129
 1895, 21875.200
 1896, 21883.629
 1897, 21896.820
 1898, 21908.480
 1899, 21916.952
 1900, 21926.920
 1901, 21942.017
 1902, 21951.068
 1903, 21961.613
 1904, 21971.187
 1905, 21980.677
 1906, 21995.796
 1907, 22008.034
 1908, 22016.481
 1909, 22024.170
 1910, 22038.826
 1911, 22049.747
 1912, 22058.530
 1913, 22070.101
 1914, 22078.914
 1915, 22092.338
 1916, 22102.572
 1917, 22113.204
 1918, 22122.285
 1919, 22131.508
 1920, 22147.123
 1921, 22155.896
 1922, 22164.231
 1923, 22175.204
 1924, 22188.490
 1925, 22199.663
 1926, 22207.879
 1927, 22217.771
 1928, 22226.384
 1929, 22240.997
 1930, 22250.828
 1931, 22259.891
 1932, 22272.023
 1933, 22281.127
 1934, 22293.228
 1935, 22303.902
 1936, 22312.198
 1937, 22321.973
 1938, 22331.429
 1939, 22346.566
 1940, 22355.085
 1941, 22364.251
 1942, 22374.152
 1943, 22387.603
 1944, 22396.762
 1945, 22408.830
 1946, 22416.958
 1947, 22425.597
 1948, 22439.128
 1949, 22449.428
 1950, 22458.268
 1951, 22468.370
 1952, 22476.889
 1953, 22490.440
 1954, 22500.084
 1955, 22509.065
 1956, 22519.259
 1957, 22528.219
 1958, 22545.663
 1959, 22553.978
 1960, 22561.216
 1961, 22571.023
 1962, 22580.172
 1963, 22594.821
 1964, 22604.523
 1965, 22612.930
 1966, 22622.513
 1967, 22633.686
 1968, 22645.253
 1969, 22655.565
 1970, 22667.276
 1971, 22675.239
 1972, 22687.492
 1973, 22696.687
 1974, 22707.055
 1975, 22716.608
 1976, 22725.672
 1977, 22740.717
 1978, 22749.456
 1979, 22758.121
 1980, 22768.680
 1981, 22777.774
 1982, 22791.371
 1983, 22809.089
 1984, 22819.617
 1985, 22827.212
 1986, 22834.880
 1987, 22842.869
 1988, 22853.554
 1989, 22862.376
 1990, 22873.475
 1991, 22881.992
 1992, 22894.834
 1993, 22905.418
 1994, 22914.905
 1995, 22924.311
 1996, 22939.333
 1997, 22947.293
 1998, 22957.283
 1999, 22967.039
 2000, 22975.985
 2001, 22990.485
 2002, 23001.718
 2003, 23010.307
 2004, 23018.848
 2005, 23026.586
 2006, 23040.975
 2007, 23050.527
 2008, 23060.415
 2009, 23073.968
 2010, 23083.317
 2011, 23091.213
 2012, 23103.152
 2013, 23111.373
 2014, 23121.737
 2015, 23132.366
 2016, 23144.715
 2017, 23154.290
 2018, 23163.074
 2019, 23173.551
 2020, 23183.039
 2021, 23193.948
 2022, 23205.848
 2023, 23214.172
 2024, 23222.128
 2025, 23231.171
 2026, 23245.244
 2027, 23253.849
 2028, 23262.967
 2029, 23273.230
 2030, 23281.874
 2031, 23294.688
 2032, 23304.904
 2033, 23314.129
 2034, 23324.391
 2035, 23338.912
 2036, 23346.734
 2037, 23356.221
 2038, 23366.018
 2039, 23373.549
 2040, 23388.055
 2041, 23397.492
 2042, 23408.267
 2043, 23417.127
 2044, 23425.720
 2045, 23439.171
 2046, 23448.351
 2047, 23457.403
 2048, 23469.214
 2049, 23476.700
 2050, 23490.501
 2051, 23499.596
 2052, 23508.195
 2053, 23519.034
 2054, 23526.924
 2055, 23541.247
 2056, 23550.964
 2057, 23559.285
 2058, 23569.521
 2059, 23578.585
 2060, 23593.471
 2061, 23606.708
 2062, 23615.997
 2063, 23624.533
 2064, 23632.427
 2065, 23642.227
 2066, 23652.108
 2067, 23661.333
 2068, 23671.769
 2069, 23678.946
 2070, 23693.500
 2071, 23702.939
 2072, 23711.386
 2073, 23722.081
 2074, 23730.487
 2075, 23746.054
 2076, 23754.211
 2077, 23763.409
 2078, 23772.480
 2079, 23781.221
 2080, 23794.706
 2081, 23805.939
 2082, 23813.577
 2083, 23825.192
 2084, 23834.246
 2085, 23844.722
 2086, 23855.140
 2087, 23863.389
 2088, 23875.454
 2089, 23886.559
 2090, 23895.671
 2091, 23905.686
 2092, 23914.449
 2093, 23923.753
 2094, 23937.800
 2095, 23945.742
 2096, 23955.286
 2097, 23965.000
 2098, 23974.222
 2099, 23989.503
 2100, 23998.415
 2101, 24007.897
 2102, 24015.913
 2103, 24025.280
 2104, 24038.505
 2105, 24047.773
 2106, 24057.335
 2107, 24068.168
 2108, 24075.810
 2109, 24089.206
 2110, 24097.435
 2111, 24107.329
 2112, 24117.498
 2113, 24126.036
 2114, 24142.950
 2115, 24152.623
 2116, 24161.574
 2117, 24170.210
 2118, 24182.796
 2119, 24204.327
 2120, 24218.244
 2121, 24235.273
 2122, 24250.020
 2123, 24270.392
 2124, 24285.594
 2125, 24302.210
 2126, 24321.157
 2127, 24336.631
 2128, 24352.188
 2129, 24372.443
 2130, 24387.285
 2131, 24405.429
 2132, 24423.637
 2133, 24438.200
 2134, 24454.438
 2135, 24474.829
 2136, 24490.437
 2137, 24505.242
 2138, 24524.972
 2139, 24543.631
 2140, 24556.809
 2141, 24577.061
 2142, 24592.079
 2143, 24607.831
 2144, 24626.502
 2145, 24642.990
 2146, 24658.389
 2147, 24682.125
 2148, 24693.830
 2149, 24710.965
 2150, 24730.504
 2151, 24746.326
 2152, 24760.950
 2153, 24779.829
 2154, 24796.723
 2155, 24813.949
 2156, 24832.188
 2157, 24846.559
 2158, 24862.745
 2159, 24882.838
 2160, 24897.395
 2161, 24917.221
 2162, 24932.347
 2163, 24951.317
 2164, 24970.310
 2165, 24984.568
 2166, 25002.833
 2167, 25020.186
 2168, 25036.310
 2169, 25051.104
 2170, 25071.775
 2171, 25085.796
 2172, 25101.904
 2173, 25120.997
 2174, 25138.732
 2175, 25154.365
 2176, 25172.342
 2177, 25188.938
 2178, 25206.687
 2179, 25223.815
 2180, 25238.996
 2181, 25255.603
 2182, 25275.394
 2183, 25290.188
 2184, 25307.390
 2185, 25326.369
 2186, 25343.346
 2187, 25358.690
 2188, 25377.820
 2189, 25393.293
 2190, 25410.905
 2191, 25427.795
 2192, 25443.159
 2193, 25459.871
 2194, 25481.113
 2195, 25493.494
 2196, 25510.459
 2197, 25529.662
 2198, 25545.691
 2199, 25561.703
 2200, 25581.107
 2201, 25596.339
 2202, 25613.215
 2203, 25630.768
 2204, 25646.619
 2205, 25663.381
 2206, 25683.032
 2207, 25697.596
 2208, 25713.882
 2209, 25733.582
 2210, 25754.235
 2211, 25768.520
 2212, 25785.906
 2213, 25801.200
 2214, 25821.191
 2215, 25835.685
 2216, 25853.178
 2217, 25873.008
 2218, 25886.902
 2219, 25904.143
 2220, 25922.092
 2221, 25938.466
 2222, 25953.454
 2223, 25972.804
 2224, 25988.163
 2225, 26006.943
 2226, 26024.859
 2227, 26040.029
 2228, 26057.941
 2229, 26076.695
 2230, 26091.054
 2231, 26106.887
 2232, 26126.342
 2233, 26143.988
 2234, 26158.789
 2235, 26178.271
 2236, 26194.899
 2237, 26212.045
 2238, 26230.061
 2239, 26246.945
 2240, 26262.036
 2241, 26284.139
 2242, 26297.127
 2243, 26313.060
 2244, 26332.032
 2245, 26349.841
 2246, 26370.700
 2247, 26384.943
 2248, 26403.900
 2249, 26421.047
 2250, 26437.710
 2251, 26453.338
 2252, 26473.028
 2253, 26487.712
 2254, 26504.128
 2255, 26525.364
 2256, 26542.439
 2257, 26556.378
 2258, 26575.092
 2259, 26591.465
 2260, 26609.654
 2261, 26628.542
 2262, 26643.574
 2263, 26659.695
 2264, 26681.417
 2265, 26696.686
 2266, 26712.213
 2267, 26731.460
 2268, 26747.906
 2269, 26763.267
 2270, 26782.416
 2271, 26799.066
 2272, 26823.516
 2273, 26835.439
 2274, 26851.198
 2275, 26872.612
 2276, 26888.079
 2277, 26903.932
 2278, 26924.051
 2279, 26940.801
 2280, 26956.365
 2281, 26977.033
 2282, 26993.700
 2283, 27009.256
 2284, 27029.498
 2285, 27044.686
 2286, 27060.602
 2287, 27083.009
 2288, 27096.627
 2289, 27113.098
 2290, 27132.598
 2291, 27150.877
 2292, 27164.526
 2293, 27184.140
 2294, 27199.395
 2295, 27222.381
 2296, 27235.567
 2297, 27251.813
 2298, 27272.427
 2299, 27286.964
 2300, 27303.832
 2301, 27324.450
 2302, 27341.073
 2303, 27354.133
 2304, 27374.444
 2305, 27389.964
 2306, 27407.770
 2307, 27425.794
 2308, 27441.501
 2309, 27456.234
 2310, 27477.388
 2311, 27491.146
 2312, 27507.358
 2313, 27526.061
 2314, 27542.689
 2315, 27558.269
 2316, 27576.588
 2317, 27589.800
 2318, 27606.821
 2319, 27623.034
 2320, 27637.490
 2321, 27651.706
 2322, 27671.201
 2323, 27684.822
 2324, 27698.511
 2325, 27716.212
 2326, 27728.698
 2327, 27744.473
 2328, 27760.722
 2329, 27773.665
 2330, 27788.761
 2331, 27803.211
 2332, 27820.084
 2333, 27830.755
 2334, 27845.623
 2335, 27864.694
 2336, 27880.200
 2337, 27890.157
 2338, 27901.040
 2339, 27918.845
 2340, 27930.294
 2341, 27944.951
 2342, 27961.286
 2343, 27973.263
 2344, 27986.345
 2345, 28001.682
 2346, 28015.351
 2347, 28028.604
 2348, 28041.767
 2349, 28058.117
 2350, 28071.735
 2351, 28084.906
 2352, 28095.183
 2353, 28113.335
 2354, 28126.006
 2355, 28139.250
 2356, 28151.901
 2357, 28165.838
 2358, 28181.051
 2359, 28192.165
 2360, 28211.077
 2361, 28220.567
 2362, 28231.921
 2363, 28246.442
 2364, 28261.682
 2365, 28276.770
 2366, 28286.339
 2367, 28298.870
 2368, 28314.441
 2369, 28326.925
 2370, 28340.116
 2371, 28356.012
 2372, 28367.008
 2373, 28378.619
 2374, 28392.187
 2375, 28410.749
 2376, 28419.343
 2377, 28430.665
 2378, 28443.974
 2379, 28460.025
 2380, 28472.980
 2381, 28482.488
 2382, 28496.429
 2383, 28510.853
 2384, 28522.518
 2385, 28535.704
 2386, 28546.183
 2387, 28562.245
 2388, 28575.222
 2389, 28586.087
 2390, 28602.286
 2391, 28613.971
 2392, 28625.989
 2393, 28637.862
 2394, 28654.104
 2395, 28665.518
 2396, 28678.627
 2397, 28689.471
 2398, 28704.671
 2399, 28717.594
 2400, 28728.083
 2401, 28742.013
 2402, 28756.437
 2403, 28768.630
 2404, 28780.285
 2405, 28793.015
 2406, 28809.580
 2407, 28819.794
 2408, 28829.188
 2409, 28841.859
 2410, 28859.733
 2411, 28869.968
 2412, 28883.654
 2413, 28893.868
 2414, 28909.646
 2415, 28920.356
 2416, 28931.544
 2417, 28946.873
 2418, 28958.162
 2419, 28969.420
 2420, 28981.247
 2421, 28993.401
 2422, 29009.329
 2423, 29019.624
 2424, 29029.907
 2425, 29044.758
 2426, 29058.061
 2427, 29071.429
 2428, 29081.596
 2429, 29093.123
 2430, 29108.438
 2431, 29119.265
 2432, 29129.967
 2433, 29143.373
 2434, 29158.544
 2435, 29168.463
 2436, 29178.810
 2437, 29191.343
 2438, 29210.189
 2439, 29219.176
 2440, 29228.274
 2441, 29240.699
 2442, 29256.580
 2443, 29268.188
 2444, 29279.060
 2445, 29291.756
 2446, 29305.387
 2447, 29315.231
 2448, 29327.294
 2449, 29341.265
 2450, 29353.364
 2451, 29363.521
 2452, 29375.559
 2453, 29389.119
 2454, 29402.759
 2455, 29412.084
 2456, 29425.159
 2457, 29436.083
 2458, 29450.401
 2459, 29461.516
 2460, 29476.365
 2461, 29485.087
 2462, 29497.788
 2463, 29510.160
 2464, 29521.400
 2465, 29531.824
 2466, 29550.193
 2467, 29560.978
 2468, 29571.150
 2469, 29581.313
 2470, 29596.143
 2471, 29608.638
 2472, 29618.163
 2473, 29628.551
 2474, 29640.542
 2475, 29655.247
 2476, 29668.927
 2477, 29678.077
 2478, 29688.418
 2479, 29703.651
 2480, 29714.804
 2481, 29726.460
 2482, 29739.856
 2483, 29751.953
 2484, 29762.652
 2485, 29773.871
 2486, 29786.484
 2487, 29800.647
 2488, 29809.813
 2489, 29823.288
 2490, 29832.539
 2491, 29847.969
 2492, 29860.392
 2493, 29871.381
 2494, 29880.281
 2495, 29900.922
 2496, 29911.208
 2497, 29919.484
 2498, 29928.558
 2499, 29940.748
 2500, 29955.043
 2501, 29965.094
 2502, 29976.255
 2503, 29987.394
 2504, 30005.094
 2505, 30012.496
 2506, 30024.292
 2507, 30036.005
 2508, 30049.747
 2509, 30059.667
 2510, 30073.050
 2511, 30083.290
 2512, 30097.116
 2513, 30108.291
 2514, 30118.996
 2515, 30128.824
 2516, 30146.078
 2517, 30155.705
 2518, 30166.475
 2519, 30176.479
 2520, 30188.083
 2521, 30204.368
 2522, 30213.395
 2523, 30224.605
 2524, 30236.087
 2525, 30251.624
 2526, 30261.259
 2527, 30274.676
 2528, 30283.576
 2529, 30298.012
 2530, 30308.187
 2531, 30320.364
 2532, 30328.960
 2533, 30346.000
 2534, 30356.266
 2535, 30366.382
 2536, 30376.752
 2537, 30388.587
 2538, 30406.540
 2539, 30414.067
 2540, 30424.652
 2541, 30435.210
 2542, 30449.996
 2543, 30460.811
 2544, 30473.505
 2545, 30482.475
 2546, 30497.475
 2547, 30507.942
 2548, 30518.755
 2549, 30528.784
 2550, 30546.805
 2551, 30556.772
 2552, 30565.488
 2553, 30576.553
 2554, 30587.961
 2555, 30605.250
 2556, 30612.951
 2557, 30624.788
 2558, 30634.715
 2559, 30649.293
 2560, 30660.342
 2561, 30673.589
 2562, 30680.942
 2563, 30696.299
 2564, 30706.889
 2565, 30717.977
 2566, 30729.623
 2567, 30744.566
 2568, 30755.864
 2569, 30765.988
 2570, 30775.742
 2571, 30786.676
 2572, 30803.563
 2573, 30812.034
 2574, 30822.254
 2575, 30832.242
 2576, 30846.879
 2577, 30857.168
 2578, 30865.288
 2579, 30877.621
 2580, 30889.547
 2581, 30900.294
 2582, 30908.858
 2583, 30921.261
 2584, 30928.938
 2585, 30944.709
 2586, 30953.308
 2587, 30961.993
 2588, 30972.653
 2589, 30982.134
 2590, 30998.121
 2591, 31008.772
 2592, 31016.949
 2593, 31026.059
 2594, 31040.657
 2595, 31050.382
 2596, 31058.727
 2597, 31072.750
 2598, 31080.390
 2599, 31093.988
 2600, 31104.529
 2601, 31113.069
 2602, 31123.655
 2603, 31134.753
 2604, 31146.309
 2605, 31157.405
 2606, 31166.516
 2607, 31175.657
 2608, 31190.191
 2609, 31202.097
 2610, 31211.184
 2611, 31219.323
 2612, 31229.684
 2613, 31243.275
 2614, 31253.409
 2615, 31263.019
 2616, 31273.869
 2617, 31283.700
 2618, 31296.720
 2619, 31306.256
 2620, 31316.595
 2621, 31325.628
 2622, 31343.691
 2623, 31353.370
 2624, 31361.519
 2625, 31369.753
 2626, 31378.840
 2627, 31393.411
 2628, 31404.472
 2629, 31412.850
 2630, 31425.223
 2631, 31434.197
 2632, 31446.014
 2633, 31456.602
 2634, 31468.214
 2635, 31476.402
 2636, 31490.944
 2637, 31501.161
 2638, 31509.616
 2639, 31521.516
 2640, 31529.923
 2641, 31545.342
 2642, 31554.568
 2643, 31564.630
 2644, 31574.259
 2645, 31584.723
 2646, 31598.174
 2647, 31610.399
 2648, 31618.664
 2649, 31626.640
 2650, 31641.321
 2651, 31651.057
 2652, 31660.530
 2653, 31671.709
 2654, 31679.590
 2655, 31694.650
 2656, 31704.395
 2657, 31713.352
 2658, 31723.705
 2659, 31735.709
 2660, 31747.099
 2661, 31758.885
 2662, 31767.313
 2663, 31777.426
 2664, 31792.773
 2665, 31802.854
 2666, 31814.522
 2667, 31825.125
 2668, 31835.067
 2669, 31844.992
 2670, 31856.497
 2671, 31864.791
 2672, 31876.287
 2673, 31884.845
 2674, 31897.732
 2675, 31908.074
 2676, 31919.084
 2677, 31932.855
 2678, 31942.741
 2679, 31952.451
 2680, 31962.571
 2681, 31971.752
 2682, 31982.287
 2683, 31995.950
 2684, 32007.724
 2685, 32015.098
 2686, 32024.517
 2687, 32034.994
 2688, 32049.245
 2689, 32058.724
 2690, 32069.733
 2691, 32076.775
 2692, 32092.181
 2693, 32101.600
 2694, 32110.431
 2695, 32121.066
 2696, 32130.593
 2697, 32148.299
 2698, 32156.147
 2699, 32164.197
 2700, 32174.096
 2701, 32185.618
 2702, 32197.252
 2703, 32209.712
 2704, 32217.730
 2705, 32226.781
 2706, 32241.583
 2707, 32250.754
 2708, 32260.086
 2709, 32272.392
 2710, 32280.290
 2711, 32290.543
 2712, 32299.921
 2713, 32309.388
 2714, 32319.828
 2715, 32327.672
 2716, 32338.976
 2717, 32347.793
 2718, 32358.193
 2719, 32367.174
 2720, 32376.087
 2721, 32386.814
 2722, 32395.612
 2723, 32408.652
 2724, 32417.855
 2725, 32425.348
 2726, 32435.688
 2727, 32445.676
 2728, 32454.524
 2729, 32463.620
 2730, 32476.193
 2731, 32485.368
 2732, 32492.630
 2733, 32503.387
 2734, 32512.569
 2735, 32522.026
 2736, 32532.176
 2737, 32543.733
 2738, 32551.730
 2739, 32558.907
 2740, 32569.623
 2741, 32579.699
 2742, 32590.172
 2743, 32599.036
 2744, 32608.868
 2745, 32618.609
 2746, 32627.138
 2747, 32637.862
 2748, 32646.484
 2749, 32656.596
 2750, 32668.987
 2751, 32676.505
 2752, 32686.851
 2753, 32695.669
 2754, 32705.180
 2755, 32713.474
 2756, 32724.494
 2757, 32734.602
 2758, 32742.955
 2759, 32753.200
 2760, 32763.213
 2761, 32773.400
 2762, 32781.327
 2763, 32791.798
 2764, 32804.309
 2765, 32812.846
 2766, 32821.985
 2767, 32828.929
 2768, 32838.898
 2769, 32848.564
 2770, 32860.358
 2771, 32870.447
 2772, 32877.956
 2773, 32887.735
 2774, 32897.375
 2775, 32908.007
 2776, 32917.031
 2777, 32925.927
 2778, 32940.574
 2779, 32949.252
 2780, 32957.023
 2781, 32965.266
 2782, 32974.421
 2783, 32984.197
 2784, 32995.754
 2785, 33005.826
 2786, 33014.157
 2787, 33022.655
 2788, 33032.002
 2789, 33042.717
 2790, 33051.351
 2791, 33059.878
 2792, 33071.167
 2793, 33079.304
 2794, 33089.392
 2795, 33097.394
 2796, 33107.498
 2797, 33117.067
 2798, 33126.327
 2799, 33137.290
 2800, 33145.584
 2801, 33155.504
 2802, 33164.862
 2803, 33178.051
 2804, 33187.071
 2805, 33194.276
 2806, 33209.091
 2807, 33217.837
 2808, 33226.300
 2809, 33235.279
 2810, 33243.131
 2811, 33253.703
 2812, 33262.133
 2813, 33275.046
 2814, 33283.681
 2815, 33292.341
 2816, 33301.710
 2817, 33310.722
 2818, 33320.842
 2819, 33329.383
 2820, 33341.253
 2821, 33350.396
 2822, 33359.933
 2823, 33368.329
 2824, 33377.535
 2825, 33388.073
 2826, 33397.060
 2827, 33408.372
 2828, 33417.795
 2829, 33426.240
 2830, 33437.006
 2831, 33446.156
 2832, 33456.014
 2833, 33465.068
 2834, 33476.813
 2835, 33486.366
 2836, 33494.025
 2837, 33504.141
 2838, 33512.655
 2839, 33523.923
 2840, 33532.580
 2841, 33542.715
 2842, 33551.754
 2843, 33561.768
 2844, 33571.161
 2845, 33581.024
 2846, 33590.921
 2847, 33602.464
 2848, 33611.590
 2849, 33621.630
 2850, 33629.343
 2851, 33639.743
 2852, 33647.353
 2853, 33658.131
 2854, 33668.650
 2855, 33677.037
 2856, 33687.569
 2857, 33695.756
 2858, 33707.109
 2859, 33715.141
 2860, 33726.682
 2861, 33737.407
 2862, 33745.111
 2863, 33755.773
 2864, 33764.102
 2865, 33774.610
 2866, 33783.997
 2867, 33792.160
 2868, 33803.830
 2869, 33812.461
 2870, 33821.986
 2871, 33831.798
 2872, 33841.484
 2873, 33851.249
 2874, 33859.331
 2875, 33871.561
 2876, 33880.419
 2877, 33889.863
 2878, 33898.985
 2879, 33909.151
 2880, 33918.624
 2881, 33928.397
 2882, 33938.362
 2883, 33947.173
 2884, 33964.302
 2885, 33973.052
 2886, 33980.862
 2887, 33989.957
 2888, 33997.862
 2889, 34008.774
 2890, 34017.135
 2891, 34025.506
 2892, 34034.588
 2893, 34042.842
 2894, 34053.314
 2895, 34062.102
 2896, 34073.365
 2897, 34081.183
 2898, 34091.467
 2899, 34101.170
 2900, 34111.021
 2901, 34120.254
 2902, 34128.375
 2903, 34140.875
 2904, 34149.324
 2905, 34159.480
 2906, 34169.642
 2907, 34178.620
 2908, 34189.191
 2909, 34197.893
 2910, 34208.383
 2911, 34217.348
 2912, 34225.407
 2913, 34237.317
 2914, 34245.779
 2915, 34255.953
 2916, 34264.472
 2917, 34280.369
 2918, 34288.956
 2919, 34296.709
 2920, 34305.580
 2921, 34314.502
 2922, 34323.034
 2923, 34331.596
 2924, 34342.954
 2925, 34352.629
 2926, 34362.049
 2927, 34371.677
 2928, 34379.690
 2929, 34390.590
 2930, 34402.406
 2931, 34410.877
 2932, 34419.256
 2933, 34428.532
 2934, 34438.124
 2935, 34446.912
 2936, 34458.676
 2937, 34468.252
 2938, 34477.105
 2939, 34486.109
 2940, 34495.471
 2941, 34506.545
 2942, 34514.319
 2943, 34524.251
 2944, 34536.434
 2945, 34545.101
 2946, 34554.456
 2947, 34562.658
 2948, 34571.886
 2949, 34581.444
 2950, 34591.559
 2951, 34601.988
 2952, 34609.802
 2953, 34621.381
 2954, 34628.849
 2955, 34642.005
 2956, 34651.245
 2957, 34658.909
 2958, 34669.804
 2959, 34677.374
 2960, 34688.888
 2961, 34696.546
 2962, 34706.209
 2963, 34715.648
 2964, 34726.171
 2965, 34737.049
 2966, 34746.265
 2967, 34755.779
 2968, 34764.417
 2969, 34773.752
 2970, 34782.394
 2971, 34793.245
 2972, 34804.682
 2973, 34813.278
 2974, 34822.075
 2975, 34830.783
 2976, 34842.029
 2977, 34852.518
 2978, 34859.912
 2979, 34871.011
 2980, 34879.044
 2981, 34890.198
 2982, 34898.435
 2983, 34908.713
 2984, 34918.158
 2985, 34927.028
 2986, 34940.373
 2987, 34948.255
 2988, 34957.105
 2989, 34966.314
 2990, 34977.823
 2991, 34987.428
 2992, 34996.800
 2993, 35006.895
 2994, 35014.920
 2995, 35024.530
 2996, 35034.008
 2997, 35042.499
 2998, 35053.272
 2999, 35063.351
 3000, 35075.835
 3001, 35084.288
 3002, 35091.898
 3003, 35103.024
 3004, 35111.167
 3005, 35120.653
 3006, 35128.809
 3007, 35141.149
 3008, 35150.385
 3009, 35157.839
 3010, 35168.423
 3011, 35178.654
 3012, 35187.868
 3013, 35196.514
 3014, 35210.022
 3015, 35219.645
 3016, 35227.777
 3017, 35236.118
 3018, 35243.499
 3019, 35253.950
 3020, 35263.761
 3021, 35274.485
 3022, 35282.407
 3023, 35291.841
 3024, 35301.465
 3025, 35309.797
 3026, 35320.286
 3027, 35328.433
 3028, 35342.061
 3029, 35350.308
 3030, 35359.033
 3031, 35368.166
 3032, 35376.416
 3033, 35385.676
 3034, 35393.958
 3035, 35403.578
 3036, 35411.647
 3037, 35421.119
 3038, 35429.361
 3039, 35439.623
 3040, 35448.877
 3041, 35459.378
 3042, 35471.511
 3043, 35479.610
 3044, 35488.248
 3045, 35496.951
 3046, 35505.676
 3047, 35514.065
 3048, 35523.091
 3049, 35530.927
 3050, 35539.717
 3051, 35547.880
 3052, 35559.305
 3053, 35569.259
 3054, 35577.852
 3055, 35587.886
 3056, 35595.777
 3057, 35605.808
 3058, 35613.882
 3059, 35623.342
 3060, 35630.840
 3061, 35639.609
 3062, 35647.545
 3063, 35657.101
 3064, 35666.841
 3065, 35675.379
 3066, 35683.955
 3067, 35691.419
 3068, 35700.759
 3069, 35709.404
 3070, 35719.691
 3071, 35728.151
 3072, 35740.621
 3073, 35748.552
 3074, 35756.943
 3075, 35766.766
 3076, 35775.267
 3077, 35785.869
 3078, 35794.112
 3079, 35803.512
 3080, 35812.583
 3081, 35822.188
 3082, 35829.596
 3083, 35838.497
 3084, 35847.795
 3085, 35858.416
 3086, 35871.047
 3087, 35880.391
 3088, 35889.009
 3089, 35897.080
 3090, 35905.496
 3091, 35913.424
 3092, 35921.966
 3093, 35930.796
 3094, 35939.940
 3095, 35948.836
 3096, 35956.931
 3097, 35966.069
 3098, 35974.123
 3099, 35990.623
 3100, 36000.241
 3101, 36010.847
 3102, 36019.263
 3103, 36027.626
 3104, 36036.162
 3105, 36044.478
 3106, 36053.380
 3107, 36061.880
 3108, 36070.824
 3109, 36078.986
 3110, 36087.725
 3111, 36097.074
 3112, 36104.955
 3113, 36112.048
 3114, 36120.801
 3115, 36128.544
 3116, 36141.856
 3117, 36150.419
 3118, 36157.883
 3119, 36166.011
 3120, 36175.422
 3121, 36184.399
 3122, 36192.876
 3123, 36203.827
 3124, 36212.779
 3125, 36221.246
 3126, 36229.491
 3127, 36238.934
 3128, 36246.732
 3129, 36256.875
 3130, 36269.281
 3131, 36277.287
 3132, 36286.886
 3133, 36295.720
 3134, 36304.562
 3135, 36312.572
 3136, 36320.894
 3137, 36329.255
 3138, 36341.118
 3139, 36349.948
 3140, 36357.949
 3141, 36366.286
 3142, 36375.227
 3143, 36384.797
 3144, 36392.776
 3145, 36405.971
 3146, 36414.010
 3147, 36423.497
 3148, 36431.230
 3149, 36440.531
 3150, 36449.545
 3151, 36457.848
 3152, 36467.572
 3153, 36475.106
 3154, 36484.089
 3155, 36492.492
 3156, 36503.201
 3157, 36511.578
 3158, 36520.791
 3159, 36529.197
 3160, 36540.258
 3161, 36549.600
 3162, 36557.885
 3163, 36566.032
 3164, 36574.302
 3165, 36583.939
 3166, 36592.067
 3167, 36602.662
 3168, 36609.952
 3169, 36620.353
 3170, 36628.953
 3171, 36638.766
 3172, 36647.681
 3173, 36656.667
 3174, 36667.455
 3175, 36677.914
 3176, 36686.027
 3177, 36693.996
 3178, 36702.176
 3179, 36709.654
 3180, 36719.556
 3181, 36727.788
 3182, 36738.611
 3183, 36745.878
 3184, 36755.886
 3185, 36764.945
 3186, 36774.814
 3187, 36784.791
 3188, 36794.575
 3189, 36804.380
 3190, 36812.126
 3191, 36820.517
 3192, 36828.066
 3193, 36837.518
 3194, 36845.802
 3195, 36857.613
 3196, 36869.433
 3197, 36879.326
 3198, 36888.294
 3199, 36897.428
 3200, 36905.991
 3201, 36914.111
 3202, 36924.034
 3203, 36935.889
 3204, 36943.526
 3205, 36953.115
 3206, 36961.514
 3207, 36970.009
 3208, 36977.802
 3209, 36986.861
 3210, 36996.285
 3211, 37007.144
 3212, 37017.241
 3213, 37024.872
 3214, 37034.100
 3215, 37042.603
 3216, 37051.309
 3217, 37058.791
 3218, 37068.974
 3219, 37076.882
 3220, 37085.538
 3221, 37093.592
 3222, 37105.857
 3223, 37113.780
 3224, 37122.839
 3225, 37131.276
 3226, 37140.643
 3227, 37149.807
 3228, 37158.057
 3229, 37167.837
 3230, 37176.752
 3231, 37186.137
 3232, 37193.690
 3233, 37207.126
 3234, 37215.618
 3235, 37223.242
 3236, 37230.953
 3237, 37240.531
 3238, 37250.355
 3239, 37259.167
 3240, 37269.022
 3241, 37276.770
 3242, 37286.509
 3243, 37295.028
 3244, 37304.492
 3245, 37312.808
 3246, 37322.993
 3247, 37330.781
 3248, 37341.820
 3249, 37349.935
 3250, 37357.953
 3251, 37367.561
 3252, 37377.013
 3253, 37386.008
 3254, 37394.232
 3255, 37405.484
 3256, 37413.760
 3257, 37423.948
 3258, 37433.103
 3259, 37441.512
 3260, 37450.886
 3261, 37458.566
 3262, 37472.909
 3263, 37480.355
 3264, 37488.375
 3265, 37495.557
 3266, 37505.262
 3267, 37512.745
 3268, 37522.449
 3269, 37531.132
 3270, 37541.248
 3271, 37550.665
 3272, 37560.456
 3273, 37568.955
 3274, 37577.537
 3275, 37587.751
 3276, 37595.460
 3277, 37606.169
 3278, 37614.250
 3279, 37623.153
 3280, 37630.967
 3281, 37641.444
 3282, 37649.695
 3283, 37658.971
 3284, 37668.931
 3285, 37676.250
 3286, 37686.370
 3287, 37694.584
 3288, 37704.601
 3289, 37712.879
 3290, 37722.461
 3291, 37731.088
 3292, 37745.323
 3293, 37753.595
 3294, 37761.604
 3295, 37769.773
 3296, 37777.406
 3297, 37786.922
 3298, 37795.874
 3299, 37807.722
 3300, 37815.752
 3301, 37824.469
 3302, 37832.557
 3303, 37840.879
 3304, 37852.648
 3305, 37861.845
 3306, 37870.943
 3307, 37878.054
 3308, 37888.678
 3309, 37897.458
 3310, 37906.151
 3311, 37914.789
 3312, 37923.573
 3313, 37934.452
 3314, 37942.053
 3315, 37950.944
 3316, 37959.859
 3317, 37969.228
 3318, 37978.061
 3319, 37988.399
 3320, 37997.375
 3321, 38009.390
 3322, 38021.124
 3323, 38029.438
 3324, 38055.269
 3325, 38064.536
 3326, 38074.399
 3327, 38083.323
 3328, 38092.651
 3329, 38104.944
 3330, 38113.483
 3331, 38122.572
 3332, 38131.779
 3333, 38149.025
 3334, 38162.045
 3335, 38176.189
 3336, 38186.401
 3337, 38200.552
 3338, 38217.022
 3339, 38227.207
 3340, 38244.923
 3341, 38256.741
 3342, 38270.543
 3343, 38283.851
 3344, 38296.735
 3345, 38313.672
 3346, 38326.435
 3347, 38338.733
 3348, 38354.051
 3349, 38366.039
 3350, 38384.331
 3351, 38396.231
 3352, 38408.225
 3353, 38421.711
 3354, 38436.511
 3355, 38447.716
 3356, 38463.662
 3357, 38476.526
 3358, 38489.491
 3359, 38508.028
 3360, 38517.997
 3361, 38529.993
 3362, 38544.896
 3363, 38558.999
 3364, 38572.885
 3365, 38585.378
 3366, 38598.390
 3367, 38612.422
 3368, 38627.228
 3369, 38643.031
 3370, 38654.701
 3371, 38666.410
 3372, 38681.705
 3373, 38694.318
 3374, 38710.125
 3375, 38722.681
 3376, 38735.294
 3377, 38749.664
 3378, 38763.149
 3379, 38779.185
 3380, 38791.814
 3381, 38804.593
 3382, 38817.150
 3383, 38830.748
 3384, 38846.750
 3385, 38859.319
 3386, 38872.860
 3387, 38886.227
 3388, 38897.547
 3389, 38915.375
 3390, 38927.492
 3391, 38939.864
 3392, 38954.014
 3393, 38965.880
 3394, 38980.227
 3395, 38994.888
 3396, 39013.569
 3397, 39023.391
 3398, 39040.193
 3399, 39049.351
 3400, 39062.888
 3401, 39077.301
 3402, 39089.128
 3403, 39105.456
 3404, 39116.439
 3405, 39130.571
 3406, 39143.289
 3407, 39157.501
 3408, 39172.860
 3409, 39183.155
 3410, 39199.312
 3411, 39213.281
 3412, 39225.385
 3413, 39241.004
 3414, 39253.397
 3415, 39266.053
 3416, 39282.365
 3417, 39294.832
 3418, 39311.585
 3419, 39323.243
 3420, 39336.041
 3421, 39349.952
 3422, 39363.577
 3423, 39379.273
 3424, 39393.941
 3425, 39405.673
 3426, 39418.950
 3427, 39431.624
 3428, 39448.214
 3429, 39460.311
 3430, 39474.722
 3431, 39487.305
 3432, 39500.092
 3433, 39516.169
 3434, 39527.674
 3435, 39540.660
 3436, 39557.801
 3437, 39575.088
 3438, 39584.865
 3439, 39594.982
 3440, 39608.758
 3441, 39621.941
 3442, 39638.393
 3443, 39648.604
 3444, 39662.313
 3445, 39676.471
 3446, 39689.677
 3447, 39704.857
 3448, 39716.125
 3449, 39730.594
 3450, 39743.819
 3451, 39757.659
 3452, 39772.794
 3453, 39783.749
 3454, 39799.791
 3455, 39812.383
 3456, 39826.083
 3457, 39842.647
 3458, 39852.062
 3459, 39863.911
 3460, 39878.960
 3461, 39892.855
 3462, 39907.466
 3463, 39920.475
 3464, 39932.534
 3465, 39947.155
 3466, 39961.394
 3467, 39977.095
 3468, 39987.798
 3469, 40001.586
 3470, 40015.055
 3471, 40027.879
 3472, 40047.201
 3473, 40058.309
 3474, 40070.121
 3475, 40081.788
 3476, 40096.960
 3477, 40113.424
 3478, 40123.089
 3479, 40136.115
 3480, 40149.603
 3481, 40166.292
 3482, 40179.732
 3483, 40191.720
 3484, 40204.940
 3485, 40219.228
 3486, 40231.849
 3487, 40248.106
 3488, 40259.125
 3489, 40273.005
 3490, 40286.218
 3491, 40297.678
 3492, 40323.428
 3493, 40333.673
 3494, 40343.643
 3495, 40354.611
 3496, 40365.884
 3497, 40384.890
 3498, 40394.312
 3499, 40408.108
 3500, 40420.993
 3501, 40433.491
 3502, 40447.815
 3503, 40459.978
 3504, 40474.801
 3505, 40487.922
 3506, 40500.711
 3507, 40517.662
 3508, 40528.057
 3509, 40541.605
 3510, 40554.488
 3511, 40565.926
 3512, 40580.950
 3513, 40594.179
 3514, 40606.589
 3515, 40619.414
 3516, 40633.011
 3517, 40651.950
 3518, 40663.450
 3519, 40674.577
 3520, 40687.355
 3521, 40699.144
 3522, 40716.784
 3523, 40728.099
 3524, 40739.765
 3525, 40754.297
 3526, 40766.083
 3527, 40782.736
 3528, 40793.861
 3529, 40808.583
 3530, 40819.855
 3531, 40832.906
 3532, 40849.590
 3533, 40862.570
 3534, 40874.987
 3535, 40886.910
 3536, 40898.115
 3537, 40916.826
 3538, 40926.405
 3539, 40940.554
 3540, 40953.148
 3541, 40964.990
 3542, 40980.232
 3543, 40992.594
 3544, 41005.306
 3545, 41017.970
 3546, 41031.286
 3547, 41048.576
 3548, 41060.972
 3549, 41072.199
 3550, 41084.937
 3551, 41096.912
 3552, 41113.955
 3553, 41126.032
 3554, 41137.037
 3555, 41150.130
 3556, 41165.205
 3557, 41182.763
 3558, 41193.468
 3559, 41205.297
 3560, 41216.328
 3561, 41230.734
 3562, 41245.551
 3563, 41256.697
 3564, 41271.293
 3565, 41283.227
 3566, 41296.788
 3567, 41313.102
 3568, 41324.569
 3569, 41336.976
 3570, 41350.158
 3571, 41363.028
 3572, 41377.246
 3573, 41391.405
 3574, 41404.645
 3575, 41416.090
 3576, 41432.225
 3577, 41446.319
 3578, 41456.218
 3579, 41470.564
 3580, 41482.709
 3581, 41496.574
 3582, 41511.676
 3583, 41522.743
 3584, 41537.587
 3585, 41549.809
 3586, 41565.097
 3587, 41579.844
 3588, 41590.868
 3589, 41604.836
 3590, 41617.199
 3591, 41631.086
 3592, 41644.774
 3593, 41656.511
 3594, 41669.599
 3595, 41681.754
 3596, 41695.895
 3597, 41718.165
 3598, 41727.510
 3599, 41737.599
 3600, 41748.776
 3601, 41764.344
 3602, 41777.888
 3603, 41790.298
 3604, 41805.270
 3605, 41816.407
 3606, 41831.484
 3607, 41845.722
 3608, 41857.450
 3609, 41870.763
 3610, 41883.214
 3611, 41897.133
 3612, 41913.226
 3613, 41924.618
 3614, 41936.932
 3615, 41949.640
 3616, 41963.940
 3617, 41981.110
 3618, 41991.811
 3619, 42003.814
 3620, 42015.435
 3621, 42030.899
 3622, 42044.914
 3623, 42057.243
 3624, 42074.341
 3625, 42083.552
 3626, 42097.206
 3627, 42113.710
 3628, 42124.107
 3629, 42136.874
 3630, 42150.346
 3631, 42164.416
 3632, 42179.178
 3633, 42191.515
 3634, 42204.673
 3635, 42217.852
 3636, 42230.698
 3637, 42249.114
 3638, 42260.603
 3639, 42273.236
 3640, 42285.950
 3641, 42297.012
 3642, 42316.535
 3643, 42327.342
 3644, 42338.952
 3645, 42352.846
 3646, 42365.926
 3647, 42382.711
 3648, 42394.983
 3649, 42407.429
 3650, 42420.082
 3651, 42432.627
 3652, 42449.649
 3653, 42460.889
 3654, 42473.257
 3655, 42487.496
 3656, 42499.122
 3657, 42519.464
 3658, 42530.855
 3659, 42541.588
 3660, 42555.735
 3661, 42566.645
 3662, 42582.190
 3663, 42594.410
 3664, 42607.995
 3665, 42620.281
 3666, 42633.174
 3667, 42649.605
 3668, 42661.913
 3669, 42676.250
 3670, 42688.083
 3671, 42700.232
 3672, 42717.899
 3673, 42729.015
 3674, 42741.772
 3675, 42756.024
 3676, 42773.755
 3677, 42783.234
 3678, 42795.856
 3679, 42808.584
 3680, 42822.240
 3681, 42837.221
 3682, 42848.079
 3683, 42861.665
 3684, 42875.612
 3685, 42889.341
 3686, 42905.376
 3687, 42915.869
 3688, 42930.360
 3689, 42942.189
 3690, 42956.208
 3691, 42972.563
 3692, 42981.415
 3693, 42998.174
 3694, 43011.220
 3695, 43024.913
 3696, 43041.074
 3697, 43050.739
 3698, 43064.574
 3699, 43084.919
 3700, 43096.319
 3701, 43108.412
 3702, 43118.567
 3703, 43130.450
 3704, 43145.317
 3705, 43158.642
 3706, 43174.587
 3707, 43185.577
 3708, 43201.591
 3709, 43212.592
 3710, 43225.061
 3711, 43239.762
 3712, 43249.825
 3713, 43264.130
 3714, 43278.520
 3715, 43290.989
 3716, 43308.015
 3717, 43319.173
 3718, 43331.527
 3719, 43345.475
 3720, 43359.707
 3721, 43373.467
 3722, 43385.427
 3723, 43398.711
 3724, 43413.155
 3725, 43426.693
 3726, 43441.782
 3727, 43450.403
 3728, 43464.355
 3729, 43478.653
 3730, 43490.748
 3731, 43505.432
 3732, 43516.178
 3733, 43529.603
 3734, 43542.044
 3735, 43556.084
 3736, 43572.652
 3737, 43582.676
 3738, 43595.489
 3739, 43607.630
 3740, 43619.784
 3741, 43631.203
 3742, 43646.733
 3743, 43657.410
 3744, 43671.357
 3745, 43681.296
 3746, 43694.815
 3747, 43712.623
 3748, 43723.037
 3749, 43731.832
 3750, 43743.750
 3751, 43756.996
 3752, 43771.389
 3753, 43780.304
 3754, 43794.911
 3755, 43807.233
 3756, 43819.541
 3757, 43831.606
 3758, 43850.443
 3759, 43859.955
 3760, 43870.929
 3761, 43882.409
 3762, 43895.952
 3763, 43910.434
 3764, 43920.320
 3765, 43932.470
 3766, 43946.851
 3767, 43960.258
 3768, 43974.100
 3769, 43985.180
 3770, 43997.461
 3771, 44009.950
 3772, 44028.240
 3773, 44048.447
 3774, 44064.195
 3775, 44082.966
 3776, 44107.027
 3777, 44121.598
 3778, 44139.864
 3779, 44160.076
 3780, 44180.989
 3781, 44199.027
 3782, 44220.866
 3783, 44241.022
 3784, 44257.742
 3785, 44278.201
 3786, 44297.419
 3787, 44318.039
 3788, 44337.692
 3789, 44357.342
 3790, 44381.367
 3791, 44395.897
 3792, 44416.743
 3793, 44435.353
 3794, 44459.756
 3795, 44473.287
 3796, 44493.039
 3797, 44514.666
 3798, 44532.029
 3799, 44551.857
 3800, 44573.592
 3801, 44590.169
 3802, 44608.533
 3803, 44628.804
 3804, 44651.087
 3805, 44671.082
 3806, 44686.077
 3807, 44707.804
 3808, 44724.363
 3809, 44745.149
 3810, 44764.297
 3811, 44786.161
 3812, 44802.914
 3813, 44822.349
 3814, 44844.610
 3815, 44862.218
 3816, 44880.928
 3817, 44902.092
 3818, 44925.474
 3819, 44940.670
 3820, 44959.757
 3821, 44982.510
 3822, 45000.493
 3823, 45021.653
 3824, 45041.478
 3825, 45059.408
 3826, 45078.440
 3827, 45098.740
 3828, 45119.967
 3829, 45140.155
 3830, 45158.082
 3831, 45183.615
 3832, 45196.135
 3833, 45217.657
 3834, 45238.915
 3835, 45256.351
 3836, 45275.813
 3837, 45296.377
 3838, 45318.286
 3839, 45336.959
 3840, 45354.738
 3841, 45375.454
 3842, 45393.264
 3843, 45413.670
 3844, 45432.770
 3845, 45455.268
 3846, 45471.172
 3847, 45489.452
 3848, 45512.813
 3849, 45529.341
 3850, 45549.787
 3851, 45575.379
 3852, 45590.609
 3853, 45609.493
 3854, 45631.619
 3855, 45651.698
 3856, 45671.895
 3857, 45689.184
 3858, 45715.071
 3859, 45729.994
 3860, 45751.801
 3861, 45772.205
 3862, 45792.450
 3863, 45811.066
 3864, 45833.280
 3865, 45856.453
 3866, 45873.244
 3867, 45893.080
 3868, 45916.308
 3869, 45936.805
 3870, 45955.303
 3871, 45983.572
 3872, 45999.078
 3873, 46019.399
 3874, 46040.639
 3875, 46060.514
 3876, 46080.257
 3877, 46107.066
 3878, 46127.881
 3879, 46145.992
 3880, 46166.109
 3881, 46191.804
 3882, 46212.341
 3883, 46232.238
 3884, 46257.128
 3885, 46278.095
 3886, 46299.505
 3887, 46322.716
 3888, 46343.590
 3889, 46365.920
 3890, 46393.787
 3891, 46411.035
 3892, 46433.470
 3893, 46458.939
 3894, 46477.595
 3895, 46500.034
 3896, 46528.313
 3897, 46545.944
 3898, 46567.388
 3899, 46592.090
 3900, 46612.655
 3901, 46639.053
 3902, 46657.779
 3903, 46683.382
 3904, 46706.055
 3905, 46727.320
 3906, 46752.037
 3907, 46776.627
 3908, 46797.046
 3909, 46819.763
 3910, 46845.328
 3911, 46866.855
 3912, 46890.919
 3913, 46916.660
 3914, 46938.329
 3915, 46962.040
 3916, 46989.130
 3917, 47010.261
 3918, 47041.912
 3919, 47061.176
 3920, 47085.061
 3921, 47110.996
 3922, 47136.935
 3923, 47159.923
 3924, 47189.456
 3925, 47212.891
 3926, 47239.398
 3927, 47261.955
 3928, 47290.229
 3929, 47316.573
 3930, 47339.943
 3931, 47365.982
 3932, 47393.838
 3933, 47415.530
 3934, 47444.658
 3935, 47466.599
 3936, 47492.742
 3937, 47520.420
 3938, 47545.342
 3939, 47575.212
 3940, 47596.608
 3941, 47623.264
 3942, 47648.039
 3943, 47672.214
 3944, 47697.421
 3945, 47725.452
 3946, 47747.188
 3947, 47774.830
 3948, 47799.650
 3949, 47824.176
 3950, 47851.944
 3951, 47874.385
 3952, 47899.368
 3953, 47927.340
 3954, 47948.515
 3955, 47976.701
 3956, 48001.566
 3957, 48025.800
 3958, 48049.793
 3959, 48073.982
 3960, 48099.752
 3961, 48127.904
 3962, 48148.282
 3963, 48172.831
 3964, 48196.627
 3965, 48222.261
 3966, 48246.216
 3967, 48269.247
 3968, 48292.098
 3969, 48318.424
 3970, 48339.725
 3971, 48364.459
 3972, 48391.903
 3973, 48412.127
 3974, 48438.896
 3975, 48457.785
 3976, 48481.676
 3977, 48507.673
 3978, 48530.605
 3979, 48553.007
 3980, 48576.756
 3981, 48599.531
 3982, 48622.705
 3983, 48649.631
 3984, 48671.073
 3985, 48693.542
 3986, 48718.455
 3987, 48739.307
 3988, 48762.264
 3989, 48788.558
 3990, 48808.372
 3991, 48831.087
 3992, 48857.155
 3993, 48879.207
 3994, 48901.342
 3995, 48925.887
 3996, 48945.065
 3997, 48969.259
 3998, 48993.086
 3999, 49013.693
 4000, 49040.391
 4001, 49060.920
 4002, 49081.856
 4003, 49107.883
 4004, 49127.841
 4005, 49150.994
 4006, 49178.395
 4007, 49197.070
 4008, 49220.858
 4009, 49244.982
 4010, 49264.370
 4011, 49288.544
 4012, 49317.187
 4013, 49342.823
 4014, 49371.955
 4015, 49397.441
 4016, 49425.472
 4017, 49458.763
 4018, 49481.730
 4019, 49512.472
 4020, 49539.434
 4021, 49565.519
 4022, 49594.230
 4023, 49623.358
 4024, 49649.949
 4025, 49676.219
 4026, 49710.216
 4027, 49730.066
 4028, 49759.973
 4029, 49789.480
 4030, 49813.200
 4031, 49842.657
 4032, 49869.332
 4033, 49896.813
 4034, 49925.971
 4035, 49950.847
 4036, 49983.495
 4037, 50007.848
 4038, 50034.959
 4039, 50065.547
 4040, 50090.149
 4041, 50118.939
 4042, 50147.267
 4043, 50177.209
 4044, 50199.044
 4045, 50229.755
 4046, 50264.711
 4047, 50283.916
 4048, 50313.212
 4049, 50339.384
 4050, 50367.054
 4051, 50397.349
 4052, 50423.079
 4053, 50451.996
 4054, 50477.378
 4055, 50508.368
 4056, 50532.361
 4057, 50561.425
 4058, 50590.097
 4059, 50615.484
 4060, 50645.624
 4061, 50672.510
 4062, 50697.703
 4063, 50728.923
 4064, 50752.205
 4065, 50783.956
 4066, 50807.106
 4067, 50832.848
 4068, 50861.856
 4069, 50887.764
 4070, 50915.795
 4071, 50941.951
 4072, 50971.498
 4073, 50996.718
 4074, 51022.382
 4075, 51053.731
 4076, 51075.349
 4077, 51104.963
 4078, 51128.920
 4079, 51156.030
 4080, 51186.040
 4081, 51212.475
 4082, 51239.782
 4083, 51262.412
 4084, 51291.712
 4085, 51320.471
 4086, 51343.870
 4087, 51372.139
 4088, 51397.539
 4089, 51426.552
 4090, 51453.375
 4091, 51476.904
 4092, 51505.396
 4093, 51532.589
 4094, 51557.552
 4095, 51589.214
 4096, 51612.186
 4097, 51641.616
 4098, 51666.501
 4099, 51693.297
 4100, 51723.233
 4101, 51746.671
 4102, 51777.370
 4103, 51800.701
 4104, 51828.869
 4105, 51860.912
 4106, 51882.475
 4107, 51911.868
 4108, 51936.308
 4109, 51963.277
 4110, 51993.903
 4111, 52017.937
 4112, 52047.411
 4113, 52072.359
 4114, 52096.922
 4115, 52128.990
 4116, 52150.598
 4117, 52182.465
 4118, 52208.708
 4119, 52232.315
 4120, 52261.917
 4121, 52286.271
 4122, 52314.288
 4123, 52340.045
 4124, 52367.032
 4125, 52399.567
 4126, 52421.424
 4127, 52451.752
 4128, 52474.286
 4129, 52501.030
 4130, 52531.464
 4131, 52555.883
 4132, 52585.213
 4133, 52611.108
 4134, 52640.195
 4135, 52664.527
 4136, 52693.745
 4137, 52720.539
 4138, 52745.737
 4139, 52775.355
 4140, 52800.075
 4141, 52830.366
 4142, 52855.583
 4143, 52880.606
 4144, 52911.007
 4145, 52934.468
 4146, 52962.271
 4147, 52989.060
 4148, 53015.603
 4149, 53042.717
 4150, 53069.303
 4151, 53095.799
 4152, 53122.467
 4153, 53148.385
 4154, 53178.697
 4155, 53205.561
 4156, 53229.650
 4157, 53258.220
 4158, 53283.604
 4159, 53312.480
 4160, 53339.232
 4161, 53366.150
 4162, 53392.020
 4163, 53419.179
 4164, 53448.474
 4165, 53471.914
 4166, 53499.642
 4167, 53529.036
 4168, 53555.027
 4169, 53584.866
 4170, 53607.973
 4171, 53634.585
 4172, 53665.951
 4173, 53691.676
 4174, 53721.645
 4175, 53745.865
 4176, 53775.006
 4177, 53799.898
 4178, 53828.891
 4179, 53858.768
 4180, 53877.699
 4181, 53899.586
 4182, 53924.736
 4183, 53945.081
 4184, 53965.940
 4185, 53993.278
 4186, 54008.900
 4187, 54032.025
 4188, 54057.682
 4189, 54076.972
 4190, 54097.557
 4191, 54124.016
 4192, 54140.786
 4193, 54163.599
 4194, 54189.438
 4195, 54207.566
 4196, 54229.921
 4197, 54253.993
 4198, 54274.103
 4199, 54294.287
 4200, 54318.136
 4201, 54338.823
 4202, 54360.589
 4203, 54386.159
 4204, 54406.878
 4205, 54429.070
 4206, 54450.618
 4207, 54472.016
 4208, 54492.331
 4209, 54521.145
 4210, 54537.213
 4211, 54558.390
 4212, 54581.286
 4213, 54603.435
 4214, 54625.456
 4215, 54647.683
 4216, 54667.940
 4217, 54689.278
 4218, 54712.819
 4219, 54733.092
 4220, 54758.431
 4221, 54780.833
 4222, 54800.629
 4223, 54823.440
 4224, 54845.871
 4225, 54868.578
 4226, 54889.551
 4227, 54913.317
 4228, 54931.485
 4229, 54958.016
 4230, 54977.472
 4231, 54999.469
 4232, 55021.896
 4233, 55046.714
 4234, 55066.207
 4235, 55088.775
 4236, 55111.084
 4237, 55130.498
 4238, 55154.693
 4239, 55177.204
 4240, 55198.313
 4241, 55219.958
 4242, 55244.630
 4243, 55264.626
 4244, 55284.168
 4245, 55311.273
 4246, 55328.701
 4247, 55351.387
 4248, 55374.273
 4249, 55393.344
 4250, 55414.039
 4251, 55439.828
 4252, 55457.967
 4253, 55479.737
 4254, 55501.950
 4255, 55525.375
 4256, 55545.695
 4257, 55567.342
 4258, 55593.910
 4259, 55609.044
 4260, 55631.173
 4261, 55654.265
 4262, 55675.554
 4263, 55695.582
 4264, 55721.615
 4265, 55739.568
 4266, 55760.705
 4267, 55784.860
 4268, 55804.947
 4269, 55826.300
 4270, 55849.293
 4271, 55868.742
 4272, 55889.305
 4273, 55911.333
 4274, 55929.585
 4275, 55952.348
 4276, 55974.755
 4277, 55995.435
 4278, 56014.395
 4279, 56037.262
 4280, 56055.531
 4281, 56083.904
 4282, 56098.644
 4283, 56123.584
 4284, 56141.872
 4285, 56160.941
 4286, 56183.847
 4287, 56203.419
 4288, 56224.848
 4289, 56250.233
 4290, 56266.306
 4291, 56286.851
 4292, 56308.241
 4293, 56326.740
 4294, 56347.321
 4295, 56367.348
 4296, 56392.188
 4297, 56407.958
 4298, 56428.637
 4299, 56449.908
 4300, 56469.864
 4301, 56488.507
 4302, 56512.451
 4303, 56529.459
 4304, 56550.547
 4305, 56573.155
 4306, 56589.904
 4307, 56609.624
 4308, 56631.073
 4309, 56656.439
 4310, 56672.598
 4311, 56691.116
 4312, 56714.458
 4313, 56732.061
 4314, 56754.186
 4315, 56774.865
 4316, 56794.556
 4317, 56813.783
 4318, 56836.316
 4319, 56855.284
 4320, 56877.169
 4321, 56894.537
 4322, 56919.185
 4323, 56938.962
 4324, 56956.610
 4325, 56978.510
 4326, 56998.424
 4327, 57019.222
 4328, 57041.056
 4329, 57059.576
 4330, 57077.953
 4331, 57098.088
 4332, 57120.299
 4333, 57137.890
 4334, 57157.349
 4335, 57182.496
 4336, 57197.704
 4337, 57219.296
 4338, 57238.379
 4339, 57259.054
 4340, 57276.718
 4341, 57298.257
 4342, 57319.165
 4343, 57338.182
 4344, 57356.564
 4345, 57377.945
 4346, 57395.748
 4347, 57416.543
 4348, 57440.272
 4349, 57456.955
 4350, 57476.379
 4351, 57496.637
 4352, 57516.748
 4353, 57536.620
 4354, 57556.926
 4355, 57578.380
 4356, 57594.870
 4357, 57616.584
 4358, 57638.799
 4359, 57655.242
 4360, 57674.614
 4361, 57695.288
 4362, 57718.776
 4363, 57735.896
 4364, 57754.978
 4365, 57776.845
 4366, 57793.914
 4367, 57814.729
 4368, 57833.832
 4369, 57859.473
 4370, 57875.613
 4371, 57894.900
 4372, 57915.043
 4373, 57932.727
 4374, 57954.010
 4375, 57975.069
 4376, 57994.399
 4377, 58011.989
 4378, 58031.614
 4379, 58051.948
 4380, 58072.194
 4381, 58089.595
 4382, 58112.884
 4383, 58129.754
 4384, 58148.652
 4385, 58168.885
 4386, 58189.799
 4387, 58206.836
 4388, 58226.647
 4389, 58249.036
 4390, 58267.021
 4391, 58284.582
 4392, 58308.936
 4393, 58323.265
 4394, 58344.409
 4395, 58363.023
 4396, 58386.713
 4397, 58403.415
 4398, 58422.559
 4399, 58442.855
 4400, 58462.412
 4401, 58480.775
 4402, 58501.609
 4403, 58523.094
 4404, 58539.487
 4405, 58557.869
 4406, 58579.213
 4407, 58596.710
 4408, 58616.412
 4409, 58634.144
 4410, 58657.150
 4411, 58671.935
 4412, 58691.973
 4413, 58715.235
 4414, 58727.983
 4415, 58748.136
 4416, 58765.522
 4417, 58790.667
 4418, 58804.755
 4419, 58821.473
 4420, 58840.643
 4421, 58858.591
 4422, 58875.962
 4423, 58895.198
 4424, 58915.551
 4425, 58931.783
 4426, 58950.276
 4427, 58970.625
 4428, 58986.144
 4429, 59003.859
 4430, 59021.856
 4431, 59042.897
 4432, 59058.705
 4433, 59078.690
 4434, 59095.476
 4435, 59114.299
 4436, 59131.178
 4437, 59148.022
 4438, 59167.109
 4439, 59187.581
 4440, 59200.898
 4441, 59221.820
 4442, 59238.563
 4443, 59257.713
 4444, 59273.156
 4445, 59291.310
 4446, 59312.739
 4447, 59326.860
 4448, 59343.421
 4449, 59360.907
 4450, 59380.281
 4451, 59395.681
 4452, 59414.133
 4453, 59431.327
 4454, 59452.232
 4455, 59465.864
 4456, 59483.726
 4457, 59501.262
 4458, 59520.236
 4459, 59536.093
 4460, 59554.330
 4461, 59574.170
 4462, 59589.222
 4463, 59606.076
 4464, 59624.426
 4465, 59641.007
 4466, 59657.116
 4467, 59673.686
 4468, 59692.568
 4469, 59711.648
 4470, 59728.199
 4471, 59743.427
 4472, 59759.110
 4473, 59778.409
 4474, 59792.850
 4475, 59811.196
 4476, 59828.888
 4477, 59850.903
 4478, 59861.695
 4479, 59877.183
 4480, 59896.409
 4481, 59912.416
 4482, 59929.087
 4483, 59945.602
 4484, 59961.351
 4485, 59980.271
 4486, 59994.781
